,date,hour_temp_max,hour_temp_min,precipitation,temp_max,temp_media,temp_min,wind_speed,wind_speed_max
0,2015-01-01,13:30:00,05:20:00,0.0,10.4,4.7,-1.0,0.8,3.9
1,2015-01-02,15:10:00,07:20:00,0.0,12.0,5.5,-1.0,0.6,3.9
2,2015-01-03,14:50:00,08:10:00,0.0,11.4,6.3,1.2,0.3,3.6
3,2015-01-04,13:15:00,08:10:00,0.0,14.0,7.7,1.4,0.3,3.3
4,2015-01-05,15:20:00,07:10:00,0.0,12.0,6.8,1.5,1.4,5.3
5,2015-01-06,15:10:00,07:40:00,0.0,9.8,5.3,0.8,0.8,3.1
6,2015-01-07,14:50:00,08:10:00,0.0,10.7,5.8,0.8,1.1,4.4
7,2015-01-08,15:00:00,05:30:00,0.0,12.3,6.4,0.4,0.8,5.3
8,2015-01-09,15:40:00,05:10:00,0.0,13.5,7.8,2.0,0.3,4.2
9,2015-01-10,14:50:00,08:00:00,0.0,12.6,7.2,1.7,0.8,3.3
10,2015-01-11,15:45:00,07:50:00,0.0,13.7,8.0,2.4,0.8,5.8
11,2015-01-12,00:00:00,07:15:00,0.0,11.8,7.7,3.6,1.1,7.2
12,2015-01-13,16:15:00,07:30:00,0.0,12.4,7.4,2.4,1.4,6.9
13,2015-01-14,14:10:00,06:40:00,0.0,8.2,5.3,2.4,0.6,3.3
14,2015-01-15,14:30:00,00:00:00,6.1,10.8,7.9,5.0,1.4,10.3
15,2015-01-16,00:00:00,06:40:00,0.0,8.0,5.3,2.6,2.2,9.7
16,2015-01-17,13:50:00,07:30:00,0.0,8.5,3.7,-1.1,1.7,7.5
17,2015-01-18,13:50:00,03:30:00,6.8,3.5,1.9,0.3,0.6,13.9
18,2015-01-19,13:30:00,01:15:00,0.0,7.2,3.9,0.6,4.4,15.3
19,2015-01-20,15:10:00,02:10:00,0.0,6.5,3.4,0.2,0.8,6.1
20,2015-01-21,13:30:00,06:45:00,0.4,5.6,3.2,0.8,1.7,11.1
21,2015-01-22,13:30:00,05:00:00,0.0,8.4,5.1,1.8,2.5,11.9
22,2015-01-23,13:50:00,00:00:00,0.0,9.8,5.1,0.4,2.8,8.6
23,2015-01-24,16:10:00,07:20:00,0.0,10.7,4.6,-1.4,0.0,13.9
24,2015-01-25,14:45:00,08:05:00,0.0,12.6,7.2,1.8,1.7,10.8
25,2015-01-26,16:10:00,07:40:00,0.0,12.9,6.7,0.5,0.8,5.0
26,2015-01-27,14:45:00,06:50:00,0.0,13.3,7.6,2.0,1.1,10.6
27,2015-01-28,15:50:00,07:50:00,0.0,12.8,7.0,1.3,0.3,6.4
28,2015-01-29,00:00:00,04:10:00,,12.2,8.0,3.9,2.8,12.2
29,2015-01-30,12:30:00,00:00:00,3.7,15.4,12.5,9.6,4.2,14.2
30,2015-01-31,00:00:00,23:59:00,,10.8,7.1,3.4,5.6,18.9
31,2015-02-01,15:30:00,06:50:00,0.0,8.0,4.9,1.8,3.3,13.9
32,2015-02-02,12:20:00,06:30:00,2.6,5.1,4.2,3.2,2.8,10.0
33,2015-02-03,14:35:00,20:15:00,4.3,9.6,5.8,2.0,2.5,12.8
34,2015-02-04,12:30:00,07:30:00,0.0,5.1,2.8,0.4,4.4,12.5
35,2015-02-05,13:30:00,04:50:00,0.0,5.6,3.1,0.6,3.6,17.2
36,2015-02-06,13:30:00,07:30:00,0.0,5.7,2.6,-0.4,2.2,10.0
37,2015-02-07,00:00:00,04:15:00,0.0,3.4,1.2,-1.0,1.4,7.8
38,2015-02-08,15:50:00,06:40:00,0.0,8.5,3.4,-1.7,1.1,8.3
39,2015-02-09,14:50:00,06:50:00,0.0,10.4,5.5,0.6,2.8,11.4
40,2015-02-10,16:10:00,07:10:00,0.0,9.0,5.9,2.8,1.9,6.4
41,2015-02-11,15:40:00,08:20:00,0.0,8.6,6.6,4.5,1.7,5.6
42,2015-02-12,13:40:00,00:00:00,0.0,11.6,7.9,4.2,1.4,5.6
43,2015-02-13,14:50:00,05:30:00,0.0,12.2,7.4,2.7,2.8,10.0
44,2015-02-14,13:30:00,06:45:00,4.3,12.3,9.5,6.7,3.1,11.7
45,2015-02-15,13:50:00,07:10:00,0.0,14.8,10.8,6.7,2.8,10.3
46,2015-02-16,16:10:00,23:59:00,6.9,13.1,9.6,6.0,1.1,11.7
47,2015-02-17,13:10:00,00:00:00,0.0,11.8,8.1,4.4,4.7,18.3
48,2015-02-18,15:50:00,06:30:00,0.0,10.8,7.2,3.7,3.1,12.2
49,2015-02-19,14:50:00,07:50:00,0.0,12.6,7.6,2.6,1.1,5.0
50,2015-02-20,15:15:00,05:45:00,3.4,11.3,6.7,2.1,0.8,6.1
51,2015-02-21,12:40:00,00:00:00,0.0,13.0,9.0,5.0,2.2,12.5
52,2015-02-22,15:30:00,05:50:00,0.0,13.8,8.0,2.2,2.5,9.7
53,2015-02-23,15:10:00,23:59:00,0.0,13.7,10.2,6.6,4.2,13.3
54,2015-02-24,13:40:00,06:10:00,0.0,11.5,7.8,4.2,3.9,13.6
55,2015-02-25,13:20:00,03:30:00,0.0,14.3,9.2,4.1,3.6,13.6
56,2015-02-26,12:30:00,03:10:00,0.0,13.4,10.0,6.6,2.2,9.4
57,2015-02-27,16:00:00,00:00:00,0.0,14.3,10.8,7.4,1.9,8.1
58,2015-02-28,14:30:00,00:00:00,0.0,16.4,10.1,3.8,1.4,8.6
59,2015-03-01,15:10:00,07:30:00,0.0,18.7,14.2,9.6,2.5,8.6
60,2015-03-02,16:10:00,06:05:00,0.0,18.1,13.1,8.1,1.4,5.8
61,2015-03-03,15:45:00,02:45:00,,17.2,13.2,9.1,0.3,4.4
62,2015-03-04,14:15:00,23:59:00,0.0,15.2,10.1,5.0,3.1,11.7
63,2015-03-05,15:50:00,05:50:00,0.0,14.5,8.4,2.3,2.2,10.0
64,2015-03-06,15:40:00,07:00:00,0.0,18.3,11.4,4.6,1.7,10.0
65,2015-03-07,16:30:00,06:50:00,0.0,21.6,13.3,5.0,0.8,5.6
66,2015-03-08,16:10:00,07:00:00,0.0,22.2,14.2,6.1,0.8,8.6
67,2015-03-09,15:50:00,06:10:00,0.0,21.7,13.8,6.0,0.8,5.3
68,2015-03-10,15:50:00,04:30:00,0.0,22.6,15.4,8.2,1.9,5.8
69,2015-03-11,16:30:00,06:50:00,0.0,22.4,14.3,6.2,1.1,5.3
70,2015-03-12,15:55:00,07:00:00,0.0,21.5,14.8,8.0,0.8,6.7
71,2015-03-13,16:10:00,04:10:00,0.0,18.0,13.3,8.6,3.9,11.4
72,2015-03-14,16:15:00,07:15:00,0.0,13.7,9.0,4.4,3.3,11.9
73,2015-03-15,12:10:00,06:20:00,0.0,9.3,5.8,2.4,1.4,6.7
74,2015-03-16,16:30:00,06:20:00,0.0,12.5,6.8,1.2,1.4,5.8
75,2015-03-17,16:50:00,06:50:00,0.0,13.6,9.2,4.8,1.9,10.6
76,2015-03-18,00:00:00,09:20:00,9.0,9.1,6.2,3.2,2.5,8.9
77,2015-03-19,13:40:00,06:20:00,0.4,11.9,8.8,5.8,3.6,12.5
78,2015-03-20,14:20:00,23:59:00,4.7,13.1,10.6,8.2,5.6,16.1
79,2015-03-21,13:40:00,08:10:00,2.5,11.6,9.2,6.8,2.5,11.4
80,2015-03-22,11:30:00,02:10:00,5.2,12.5,10.1,7.7,1.9,9.2
81,2015-03-23,12:10:00,07:10:00,14.8,8.5,7.2,6.0,1.4,7.2
82,2015-03-24,13:30:00,00:45:00,0.0,14.0,10.0,6.1,4.2,13.1
83,2015-03-25,13:30:00,06:30:00,0.0,10.3,6.9,3.5,5.6,15.0
84,2015-03-26,15:15:00,04:45:00,0.0,14.7,8.6,2.5,2.2,11.7
85,2015-03-27,14:20:00,07:10:00,0.0,20.5,14.6,8.6,1.1,7.8
86,2015-03-28,15:41:00,06:10:00,0.0,25.0,16.8,8.6,1.7,10.0
87,2015-03-29,15:20:00,06:00:00,0.0,23.0,17.0,11.1,1.9,6.9
88,2015-03-30,14:20:00,01:00:00,0.0,26.7,19.8,13.0,2.5,7.8
89,2015-03-31,15:50:00,06:50:00,0.0,26.6,19.3,12.0,1.4,8.1
90,2015-04-01,15:10:00,06:20:00,0.0,22.3,16.0,9.8,1.9,8.9
91,2015-04-02,15:20:00,06:10:00,0.0,23.6,15.6,7.7,1.9,8.3
92,2015-04-03,16:10:00,06:45:00,0.0,24.0,18.2,12.3,1.7,8.1
93,2015-04-04,16:00:00,07:00:00,0.0,22.0,15.9,9.8,3.1,10.8
94,2015-04-05,15:50:00,05:40:00,0.0,23.7,16.4,9.0,1.4,10.0
95,2015-04-06,14:10:00,06:30:00,0.0,21.2,15.4,9.6,1.9,8.6
96,2015-04-07,15:15:00,23:59:00,0.0,18.3,13.2,8.2,3.1,20.8
97,2015-04-08,13:40:00,05:50:00,0.0,18.0,12.4,6.7,3.3,10.8
98,2015-04-09,00:00:00,10:50:00,5.8,10.8,8.4,6.1,2.5,8.3
99,2015-04-10,16:30:00,00:00:00,0.0,16.6,12.6,8.5,1.1,4.4
100,2015-04-11,14:40:00,04:20:00,0.0,22.0,15.9,9.8,2.5,12.8
101,2015-04-12,14:40:00,06:40:00,0.0,21.2,16.0,10.8,2.5,10.3
102,2015-04-13,13:20:00,05:10:00,0.0,23.0,17.8,12.7,4.7,14.7
103,2015-04-14,14:10:00,05:50:00,0.1,24.5,18.2,11.8,4.2,14.7
104,2015-04-15,15:05:00,23:59:00,18.2,18.8,15.1,11.4,1.9,9.2
105,2015-04-16,15:10:00,00:00:00,0.0,16.7,13.4,10.2,2.8,8.9
106,2015-04-17,15:50:00,00:00:00,0.0,20.0,15.8,11.6,1.7,7.2
107,2015-04-18,14:10:00,23:59:00,0.0,18.9,14.0,9.2,3.1,13.1
108,2015-04-19,14:15:00,06:00:00,0.0,18.8,13.0,7.2,0.8,13.9
109,2015-04-20,13:40:00,05:20:00,0.0,21.3,15.0,8.6,2.2,6.1
110,2015-04-21,15:05:00,05:20:00,0.0,22.1,17.0,12.0,3.6,10.3
111,2015-04-22,00:00:00,05:50:00,0.0,21.6,16.7,11.8,2.2,10.0
112,2015-04-23,14:05:00,06:00:00,0.0,23.6,17.0,10.4,1.7,8.3
113,2015-04-24,13:15:00,00:00:00,0.0,22.5,17.3,12.1,1.7,8.3
114,2015-04-25,14:00:00,05:40:00,5.5,18.8,15.2,11.6,2.8,10.8
115,2015-04-26,15:30:00,23:59:00,17.5,15.0,12.1,9.2,0.6,17.5
116,2015-04-27,16:20:00,05:30:00,0.0,16.6,12.3,8.0,2.2,9.2
117,2015-04-28,15:20:00,03:10:00,0.0,19.5,14.0,8.6,2.2,8.1
118,2015-04-29,13:00:00,05:30:00,0.0,20.8,15.7,10.6,2.2,8.9
119,2015-04-30,15:50:00,05:45:00,0.0,23.0,16.5,10.0,1.7,7.8
120,2015-05-01,15:00:00,04:10:00,0.0,23.7,18.3,12.9,1.9,7.2
121,2015-05-02,15:30:00,05:50:00,0.0,26.4,20.3,14.2,2.8,11.1
122,2015-05-03,15:45:00,07:00:00,0.1,21.4,19.1,16.8,1.4,9.2
123,2015-05-04,13:00:00,23:59:00,,26.9,20.8,14.6,2.2,14.4
124,2015-05-05,13:50:00,06:15:00,0.0,21.0,16.2,11.5,3.1,10.6
125,2015-05-06,14:10:00,04:50:00,0.0,23.0,16.2,9.4,1.4,6.9
126,2015-05-07,14:40:00,04:10:00,0.0,28.2,19.6,11.1,1.9,6.4
127,2015-05-08,14:30:00,06:20:00,0.0,24.7,18.8,12.9,3.3,0.0
128,2015-05-09,14:20:00,05:50:00,0.0,28.2,20.6,13.0,1.4,5.3
129,2015-05-10,14:20:00,05:50:00,0.0,31.5,24.0,16.4,1.7,7.8
130,2015-05-11,15:00:00,05:50:00,0.0,32.4,24.8,17.2,1.4,6.1
131,2015-05-12,14:50:00,04:30:00,0.0,33.3,25.2,17.2,1.7,6.7
132,2015-05-13,13:15:00,06:05:00,0.0,35.5,27.5,19.5,2.2,9.4
133,2015-05-14,13:30:00,23:59:00,0.0,32.5,24.4,16.4,2.5,12.5
134,2015-05-15,13:45:00,06:10:00,0.0,23.0,17.4,11.8,3.9,13.3
135,2015-05-16,15:50:00,05:10:00,0.0,27.7,19.0,10.4,2.8,12.2
136,2015-05-17,13:30:00,06:00:00,0.0,30.0,21.8,13.6,1.7,9.2
137,2015-05-18,13:50:00,04:30:00,0.0,31.6,24.0,16.4,2.2,7.8
138,2015-05-19,12:45:00,23:59:00,0.0,22.8,16.6,10.4,5.0,13.6
139,2015-05-20,13:40:00,05:00:00,0.0,21.6,14.5,7.4,2.8,12.2
140,2015-05-21,15:30:00,04:50:00,0.0,22.3,15.4,8.4,2.8,10.3
141,2015-05-22,15:10:00,05:10:00,0.0,22.7,15.2,7.7,3.3,13.6
142,2015-05-23,15:00:00,05:30:00,0.0,23.8,16.6,9.5,3.6,13.3
143,2015-05-24,14:20:00,05:00:00,0.0,24.7,18.0,11.4,2.5,12.8
144,2015-05-25,14:50:00,05:05:00,0.0,25.8,19.8,13.7,1.9,8.9
145,2015-05-26,15:20:00,04:40:00,0.0,27.9,20.2,12.5,2.8,10.3
146,2015-05-27,15:15:00,05:15:00,0.0,29.3,21.3,13.3,3.1,11.7
147,2015-05-28,15:10:00,06:10:00,0.0,31.3,23.8,16.2,1.4,6.4
148,2015-05-29,13:50:00,23:40:00,0.0,30.4,23.8,17.1,2.2,11.7
149,2015-05-30,14:00:00,03:50:00,0.0,29.9,22.4,15.0,1.9,8.6
150,2015-05-31,14:55:00,05:55:00,0.0,30.8,23.6,16.3,1.9,8.3
151,2015-06-01,14:40:00,05:40:00,0.0,31.5,24.4,17.4,2.2,8.9
152,2015-06-02,14:10:00,05:30:00,0.0,32.6,25.5,18.4,1.9,8.3
153,2015-06-03,13:40:00,05:50:00,0.0,33.6,26.7,19.8,2.5,9.2
154,2015-06-04,14:40:00,05:00:00,0.0,32.3,25.8,19.2,1.4,8.1
155,2015-06-05,13:50:00,05:40:00,0.0,32.2,25.1,18.0,1.7,6.7
156,2015-06-06,13:30:00,06:00:00,0.0,34.0,26.7,19.4,1.7,8.6
157,2015-06-07,14:40:00,06:20:00,0.0,34.1,27.6,21.2,2.5,9.4
158,2015-06-08,00:00:00,00:00:00,0.0,33.0,26.4,19.8,1.7,6.9
159,2015-06-09,13:40:00,23:59:00,0.7,32.3,25.4,18.4,2.5,12.5
160,2015-06-10,12:55:00,02:55:00,9.1,27.3,22.2,17.0,1.7,9.7
161,2015-06-11,16:50:00,10:10:00,20.7,22.5,19.0,15.4,2.2,10.8
162,2015-06-12,14:40:00,04:05:00,0.0,23.0,18.8,14.5,3.3,11.7
163,2015-06-13,14:40:00,23:59:00,0.0,22.1,18.6,15.1,2.5,11.4
164,2015-06-14,15:20:00,05:50:00,2.8,22.4,17.5,12.6,2.5,11.7
165,2015-06-15,15:50:00,05:30:00,2.2,20.6,16.1,11.6,0.3,8.3
166,2015-06-16,14:10:00,04:50:00,0.0,25.4,19.0,12.6,1.4,7.8
167,2015-06-17,15:10:00,00:00:00,0.0,26.8,20.7,14.6,2.5,11.4
168,2015-06-18,15:30:00,04:50:00,0.0,30.0,22.4,14.7,1.9,10.0
169,2015-06-19,14:15:00,04:45:00,0.0,32.4,25.0,17.7,2.2,11.7
170,2015-06-20,14:45:00,04:30:00,0.0,33.7,25.5,17.3,1.7,10.3
171,2015-06-21,15:20:00,05:50:00,0.1,35.1,27.6,20.0,1.9,8.3
172,2015-06-22,13:10:00,05:50:00,0.0,34.0,28.0,22.0,2.2,9.7
173,2015-06-23,14:40:00,23:59:00,9.0,31.6,25.3,19.0,1.7,11.1
174,2015-06-24,15:15:00,05:30:00,0.0,30.4,23.9,17.4,0.8,6.7
175,2015-06-25,14:50:00,05:30:00,0.0,32.8,26.0,19.3,1.7,6.4
176,2015-06-26,14:30:00,03:50:00,0.0,35.4,27.6,19.9,1.7,8.3
177,2015-06-27,14:20:00,05:35:00,0.0,37.3,29.0,20.8,1.9,7.8
178,2015-06-28,14:40:00,05:50:00,0.0,38.8,30.5,22.2,1.7,9.4
179,2015-06-29,15:40:00,05:40:00,0.0,39.3,32.1,24.9,1.1,8.3
180,2015-06-30,13:50:00,05:50:00,0.0,38.4,31.5,24.6,3.1,10.8
181,2015-07-01,15:50:00,06:10:00,0.0,35.6,29.2,22.7,2.2,8.6
182,2015-07-02,15:10:00,06:00:00,0.0,33.0,27.6,22.2,1.4,10.8
183,2015-07-03,15:10:00,05:10:00,0.0,36.5,29.4,22.4,2.8,11.1
184,2015-07-04,14:40:00,04:30:00,0.0,36.7,30.0,23.2,1.4,9.2
185,2015-07-05,13:30:00,05:50:00,0.0,37.1,30.3,23.5,1.9,8.3
186,2015-07-06,00:00:00,04:50:00,0.0,39.6,31.8,24.0,2.2,10.3
187,2015-07-07,15:10:00,06:10:00,0.0,38.3,30.6,22.8,3.1,11.9
188,2015-07-08,15:50:00,06:45:00,0.0,38.2,31.2,24.1,3.1,10.8
189,2015-07-09,15:20:00,05:10:00,0.0,38.9,30.4,22.0,2.5,8.9
190,2015-07-10,14:50:00,05:50:00,0.0,37.4,30.0,22.7,2.8,11.1
191,2015-07-11,14:50:00,05:50:00,0.0,37.4,29.9,22.4,1.9,6.9
192,2015-07-12,15:10:00,05:10:00,0.0,37.5,30.4,23.2,1.7,7.8
193,2015-07-13,13:40:00,05:45:00,0.0,38.6,31.4,24.2,1.7,8.6
194,2015-07-14,14:30:00,05:15:00,0.0,39.5,32.0,24.4,1.7,9.2
195,2015-07-15,14:10:00,05:30:00,0.0,39.4,32.0,24.5,1.4,7.2
196,2015-07-16,15:00:00,05:00:00,0.0,38.3,31.2,24.2,2.2,9.7
197,2015-07-17,13:55:00,05:30:00,,36.3,31.0,25.6,1.4,7.8
198,2015-07-18,16:20:00,03:40:00,0.0,33.6,28.5,23.4,2.8,11.1
199,2015-07-19,14:30:00,03:10:00,0.0,34.4,28.4,22.4,1.1,8.3
200,2015-07-20,14:10:00,04:50:00,0.0,36.8,30.1,23.4,1.7,6.4
201,2015-07-21,14:30:00,06:10:00,0.0,37.3,30.0,22.8,2.5,10.8
202,2015-07-22,11:55:00,05:30:00,3.6,34.2,29.1,24.0,1.1,11.7
203,2015-07-23,00:00:00,06:00:00,0.0,36.9,29.2,21.6,2.5,8.3
204,2015-07-24,13:30:00,05:05:00,0.0,34.3,28.0,21.8,2.2,9.7
205,2015-07-25,14:30:00,06:30:00,0.0,33.8,26.9,20.0,1.4,9.2
206,2015-07-26,14:30:00,05:30:00,0.0,36.3,29.2,22.0,2.5,8.6
207,2015-07-27,14:30:00,05:00:00,0.0,37.6,30.6,23.7,1.7,9.7
208,2015-07-28,14:10:00,04:45:00,0.0,38.0,30.5,23.0,1.9,9.2
209,2015-07-29,00:00:00,05:20:00,0.0,36.8,29.6,22.5,2.2,11.9
210,2015-07-30,14:20:00,05:50:00,0.0,34.3,28.2,22.0,2.2,11.4
211,2015-07-31,17:00:00,23:59:00,0.0,30.5,25.0,19.6,3.1,11.9
212,2015-08-01,14:50:00,04:20:00,0.0,31.7,24.6,17.6,1.1,9.7
213,2015-08-02,14:40:00,06:00:00,0.0,34.6,27.9,21.2,1.9,7.2
214,2015-08-03,15:10:00,05:50:00,0.0,35.5,29.2,23.0,2.8,8.9
215,2015-08-04,15:00:00,06:10:00,0.0,34.5,28.0,21.5,1.7,9.2
216,2015-08-05,16:50:00,06:40:00,0.0,35.5,28.6,21.6,1.7,10.0
217,2015-08-06,14:10:00,05:50:00,0.0,37.2,28.5,19.8,2.8,9.7
218,2015-08-07,14:20:00,05:50:00,0.0,35.4,27.9,20.4,2.2,11.1
219,2015-08-08,16:10:00,23:59:00,0.0,33.6,27.1,20.6,2.8,12.8
220,2015-08-09,15:30:00,05:40:00,0.0,33.3,24.8,16.2,1.9,9.7
221,2015-08-10,14:15:00,00:00:00,0.0,36.8,27.7,18.6,1.7,9.2
222,2015-08-11,13:30:00,05:10:00,0.0,34.0,27.6,21.3,2.5,10.8
223,2015-08-12,12:30:00,05:10:00,0.0,32.6,26.2,19.8,1.4,7.5
224,2015-08-13,14:20:00,05:45:00,0.0,27.5,22.1,16.7,3.6,11.1
225,2015-08-14,15:15:00,05:30:00,0.0,27.0,21.0,15.0,1.9,7.5
226,2015-08-15,13:15:00,06:30:00,0.0,28.2,22.9,17.6,1.4,12.8
227,2015-08-16,12:50:00,06:10:00,0.0,29.5,23.5,17.5,1.7,7.5
228,2015-08-17,14:10:00,04:30:00,0.0,31.7,25.6,19.6,1.7,10.0
229,2015-08-18,14:20:00,06:20:00,0.0,32.3,25.8,19.2,1.7,12.5
230,2015-08-19,14:50:00,06:15:00,0.0,32.4,25.3,18.2,1.4,9.2
231,2015-08-20,14:30:00,06:45:00,0.0,34.2,27.0,19.8,1.4,7.2
232,2015-08-21,15:30:00,06:10:00,0.9,33.1,27.6,22.0,1.1,13.3
233,2015-08-22,14:05:00,02:50:00,0.0,31.7,24.6,17.4,2.5,11.7
234,2015-08-23,13:40:00,07:20:00,0.1,26.0,22.0,18.0,3.9,13.1
235,2015-08-24,14:30:00,04:40:00,0.0,24.8,19.2,13.6,2.2,13.3
236,2015-08-25,14:30:00,05:50:00,0.0,29.0,21.7,14.4,0.8,5.0
237,2015-08-26,13:50:00,05:40:00,0.0,32.1,25.4,18.6,1.7,9.2
238,2015-08-27,14:20:00,04:20:00,0.0,32.3,25.2,18.2,2.5,11.4
239,2015-08-28,14:20:00,06:40:00,0.0,34.2,25.6,17.0,1.4,8.1
240,2015-08-29,14:45:00,06:30:00,0.0,34.8,28.4,22.0,2.8,9.4
241,2015-08-30,14:30:00,18:50:00,2.3,34.8,28.2,21.5,2.5,20.8
242,2015-08-31,14:00:00,05:30:00,0.0,28.0,23.9,19.8,1.9,8.9
243,2015-09-01,14:40:00,04:10:00,0.0,30.0,24.0,18.0,1.7,6.7
244,2015-09-02,14:10:00,05:50:00,0.0,29.5,24.4,19.2,2.2,8.3
245,2015-09-03,14:20:00,06:10:00,0.0,26.5,21.6,16.7,1.1,9.4
246,2015-09-04,14:10:00,23:59:00,0.5,26.0,21.0,16.1,2.2,14.7
247,2015-09-05,14:20:00,06:30:00,0.0,26.8,20.2,13.5,1.4,9.4
248,2015-09-06,00:00:00,00:00:00,0.3,27.1,21.8,16.6,0.8,6.7
249,2015-09-07,13:30:00,05:30:00,0.7,27.3,21.8,16.2,2.2,6.1
250,2015-09-08,15:40:00,06:20:00,0.0,27.7,20.8,14.0,1.4,7.8
251,2015-09-09,14:10:00,06:10:00,0.0,28.2,21.8,15.5,2.5,9.7
252,2015-09-10,14:15:00,05:50:00,0.0,28.0,22.7,17.4,1.9,8.9
253,2015-09-11,14:10:00,06:10:00,0.0,30.1,23.4,16.8,2.2,9.2
254,2015-09-12,16:05:00,06:15:00,0.0,27.4,23.2,19.0,1.9,9.2
255,2015-09-13,14:10:00,23:59:00,,24.4,20.6,16.8,3.6,13.6
256,2015-09-14,14:00:00,06:00:00,0.0,24.2,19.0,13.8,2.2,8.3
257,2015-09-15,12:50:00,15:40:00,0.9,19.8,17.1,14.4,2.2,13.1
258,2015-09-16,12:50:00,23:59:00,7.0,21.7,18.0,14.4,3.6,17.8
259,2015-09-17,14:30:00,06:20:00,0.0,20.0,15.0,10.0,1.9,8.3
260,2015-09-18,13:45:00,05:30:00,0.0,23.8,17.5,11.2,1.7,7.2
261,2015-09-19,13:15:00,06:20:00,0.0,25.4,19.3,13.2,0.8,6.1
262,2015-09-20,13:50:00,06:00:00,0.0,28.1,21.3,14.5,1.1,6.4
263,2015-09-21,13:30:00,06:40:00,0.0,29.0,21.5,14.0,1.7,7.5
264,2015-09-22,13:30:00,06:10:00,0.0,28.4,21.0,13.7,1.7,10.0
265,2015-09-23,14:30:00,05:45:00,0.0,24.1,19.6,15.0,3.1,10.3
266,2015-09-24,15:50:00,06:20:00,0.0,27.1,20.6,14.1,1.4,7.2
267,2015-09-25,13:20:00,06:30:00,0.0,28.9,22.4,16.0,1.4,6.4
268,2015-09-26,14:05:00,05:55:00,0.0,28.0,22.3,16.6,0.8,11.1
269,2015-09-27,13:40:00,06:50:00,0.0,26.5,21.2,16.0,0.3,8.3
270,2015-09-28,13:05:00,06:20:00,0.0,24.2,19.0,13.8,1.4,6.9
271,2015-09-29,13:30:00,06:10:00,0.0,23.6,18.2,12.7,1.7,6.7
272,2015-09-30,13:20:00,02:50:00,0.0,23.4,19.4,15.3,1.1,5.8
273,2015-10-01,13:05:00,06:30:00,0.0,25.0,18.7,12.4,1.9,8.9
274,2015-10-02,13:10:00,07:10:00,0.0,25.5,19.8,14.0,1.9,9.7
275,2015-10-03,16:30:00,03:40:00,0.2,23.7,19.1,14.5,1.1,9.4
276,2015-10-04,12:50:00,07:30:00,4.2,22.0,18.8,15.5,2.2,9.2
277,2015-10-05,15:10:00,00:00:00,16.3,22.4,19.6,16.7,4.2,13.3
278,2015-10-06,13:30:00,23:59:00,0.0,20.7,17.4,14.0,3.3,12.5
279,2015-10-07,13:20:00,02:30:00,0.0,20.2,16.2,12.2,0.6,6.7
280,2015-10-08,13:20:00,06:10:00,0.0,22.0,16.8,11.6,0.8,8.6
281,2015-10-09,13:30:00,06:00:00,0.0,21.5,16.7,11.9,1.4,5.3
282,2015-10-10,13:15:00,05:45:00,3.8,22.3,16.6,10.8,1.7,7.2
283,2015-10-11,15:40:00,06:10:00,0.3,19.8,16.8,13.7,1.9,8.1
284,2015-10-12,12:50:00,00:00:00,0.0,21.8,18.2,14.6,0.6,6.7
285,2015-10-13,09:30:00,23:59:00,2.3,15.7,13.4,11.2,1.9,10.8
286,2015-10-14,16:00:00,06:15:00,0.0,17.2,12.3,7.4,0.8,4.4
287,2015-10-15,15:30:00,06:50:00,0.0,19.1,13.3,7.5,0.8,5.8
288,2015-10-16,15:20:00,04:20:00,0.0,20.0,14.0,8.0,0.6,4.7
289,2015-10-17,00:00:00,03:50:00,8.4,22.6,17.6,12.7,1.1,5.6
290,2015-10-18,13:30:00,00:00:00,20.9,18.3,16.0,13.6,0.8,6.4
291,2015-10-19,15:10:00,06:50:00,0.5,19.0,16.1,13.2,1.4,5.8
292,2015-10-20,11:40:00,23:59:00,0.0,20.0,15.7,11.4,2.8,12.8
293,2015-10-21,15:15:00,06:15:00,0.0,16.2,11.5,6.8,0.8,6.4
294,2015-10-22,15:20:00,06:15:00,0.0,18.8,13.0,7.2,1.1,6.4
295,2015-10-23,00:00:00,05:40:00,0.0,18.4,13.8,9.3,1.1,6.9
296,2015-10-24,15:00:00,04:10:00,0.0,20.1,15.8,11.6,0.6,4.7
297,2015-10-25,15:30:00,06:30:00,0.0,20.4,16.9,13.4,1.7,6.7
298,2015-10-26,12:30:00,07:35:00,0.8,18.2,15.6,13.0,1.4,5.8
299,2015-10-27,12:50:00,23:59:00,2.8,16.5,12.8,9.2,3.1,12.5
300,2015-10-28,14:20:00,00:55:00,0.1,15.3,11.9,8.5,2.8,10.6
301,2015-10-29,15:00:00,07:10:00,0.0,16.3,13.9,11.5,1.1,0.0
302,2015-10-30,15:30:00,05:10:00,0.0,20.3,15.6,10.9,1.4,5.8
303,2015-10-31,13:30:00,06:30:00,0.0,19.7,15.8,12.0,1.7,6.9
304,2015-11-01,14:10:00,06:50:00,17.5,19.0,16.6,14.1,2.8,11.7
305,2015-11-02,00:00:00,00:00:00,11.7,15.0,12.4,9.9,2.5,11.1
306,2015-11-03,16:40:00,00:00:00,0.2,13.8,11.5,9.2,1.7,8.6
307,2015-11-04,14:20:00,01:10:00,0.5,16.0,13.4,10.9,0.8,4.7
308,2015-11-05,15:20:00,01:30:00,0.0,17.3,14.6,12.0,1.1,6.1
309,2015-11-06,13:15:00,07:20:00,0.0,19.4,15.4,11.3,0.6,3.6
310,2015-11-07,00:00:00,06:50:00,0.0,21.4,16.4,11.5,0.8,3.9
311,2015-11-08,00:00:00,23:59:00,0.0,20.8,16.7,12.6,1.7,6.1
312,2015-11-09,14:30:00,05:30:00,0.0,20.6,15.8,10.9,0.8,4.4
313,2015-11-10,14:20:00,05:40:00,0.0,19.2,14.3,9.4,1.1,5.0
314,2015-11-11,14:40:00,06:10:00,0.0,19.3,13.8,8.4,0.6,3.3
315,2015-11-12,00:00:00,07:10:00,0.0,19.2,13.4,7.7,0.8,3.3
316,2015-11-13,14:40:00,06:20:00,0.0,19.2,13.7,8.2,0.8,8.6
317,2015-11-14,14:15:00,07:35:00,0.0,16.3,13.0,9.6,0.8,9.4
318,2015-11-15,15:10:00,07:20:00,0.0,17.2,12.2,7.2,0.6,4.2
319,2015-11-16,15:00:00,00:00:00,0.0,16.0,11.4,6.7,0.8,4.2
320,2015-11-17,14:50:00,07:10:00,0.0,15.5,10.6,5.7,0.6,3.3
321,2015-11-18,15:00:00,06:45:00,0.0,18.3,12.2,6.0,0.3,2.8
322,2015-11-19,15:10:00,07:00:00,0.0,19.0,13.8,8.5,0.6,2.8
323,2015-11-20,15:10:00,07:15:00,0.0,18.7,13.3,7.9,0.6,8.9
324,2015-11-21,08:15:00,23:59:00,0.6,15.9,10.2,4.4,2.5,15.3
325,2015-11-22,15:50:00,01:10:00,0.0,9.0,6.2,3.3,2.2,8.3
326,2015-11-23,13:20:00,06:15:00,0.0,10.2,6.4,2.7,2.2,10.3
327,2015-11-24,14:20:00,06:05:00,0.0,10.6,6.3,2.0,0.6,6.7
328,2015-11-25,14:20:00,00:00:00,0.0,15.8,11.7,7.6,2.5,10.6
329,2015-11-26,14:00:00,06:35:00,0.0,15.7,11.0,6.2,2.2,12.5
330,2015-11-27,13:15:00,07:40:00,0.0,15.8,11.4,7.0,1.4,7.8
331,2015-11-28,13:40:00,07:00:00,0.0,15.4,10.2,5.0,1.1,6.9
332,2015-11-29,15:00:00,07:00:00,0.0,12.6,7.5,2.4,0.3,3.6
333,2015-11-30,14:50:00,06:25:00,0.0,14.5,8.0,1.5,0.6,4.4
334,2015-12-01,14:50:00,06:40:00,0.0,14.0,8.3,2.6,0.6,3.9
335,2015-12-02,14:45:00,05:50:00,0.0,13.2,8.4,3.7,0.3,3.1
336,2015-12-03,15:10:00,05:40:00,0.0,14.7,9.5,4.3,0.6,3.3
337,2015-12-04,15:10:00,05:40:00,0.0,16.3,11.2,6.2,0.3,4.4
338,2015-12-05,15:00:00,07:15:00,0.0,16.6,11.7,6.8,0.8,4.2
339,2015-12-06,14:40:00,07:05:00,0.0,15.1,10.5,5.9,0.6,3.9
340,2015-12-07,15:20:00,05:20:00,0.0,11.7,9.4,7.0,1.1,4.7
341,2015-12-08,00:00:00,00:00:00,0.0,13.8,10.5,7.2,0.6,3.9
342,2015-12-09,15:00:00,06:50:00,0.0,14.5,11.4,8.4,1.7,8.3
343,2015-12-10,12:40:00,07:05:00,0.0,13.1,10.2,7.3,1.4,5.0
344,2015-12-11,14:20:00,08:10:00,0.0,13.5,11.0,8.5,1.4,5.3
345,2015-12-12,14:30:00,07:50:00,0.0,11.5,10.0,8.5,0.8,5.0
346,2015-12-13,15:00:00,07:20:00,0.0,12.2,8.6,5.1,0.8,6.4
347,2015-12-14,13:50:00,08:50:00,0.2,14.1,11.4,8.8,1.4,5.8
348,2015-12-15,15:05:00,07:20:00,0.0,15.3,11.6,8.0,0.6,5.3
349,2015-12-16,14:20:00,07:10:00,0.0,15.5,10.8,6.2,0.6,4.7
350,2015-12-17,14:45:00,07:30:00,0.0,14.8,10.4,6.0,0.0,3.9
351,2015-12-18,14:30:00,07:50:00,0.0,14.9,11.0,7.1,0.3,3.3
352,2015-12-19,15:20:00,07:50:00,0.0,15.4,10.8,6.3,0.8,4.7
353,2015-12-20,14:00:00,07:10:00,0.0,15.3,10.8,6.4,0.8,8.6
354,2015-12-21,00:00:00,06:10:00,0.0,13.3,9.2,5.0,0.8,5.8
355,2015-12-22,14:45:00,07:20:00,0.0,14.6,9.6,4.5,0.6,5.6
356,2015-12-23,14:40:00,07:30:00,0.0,14.2,9.4,4.6,0.3,5.3
357,2015-12-24,14:50:00,07:40:00,0.0,10.0,6.6,3.2,0.3,2.8
358,2015-12-25,14:20:00,07:15:00,0.0,13.2,8.0,2.9,0.3,5.3
359,2015-12-26,14:50:00,06:30:00,0.0,11.1,7.3,3.5,0.3,5.8
360,2015-12-27,14:50:00,05:30:00,0.0,13.5,9.4,5.4,2.2,6.4
361,2015-12-28,13:10:00,07:55:00,3.3,14.1,10.2,6.2,2.2,8.3
362,2015-12-29,00:00:00,08:50:00,0.0,10.6,8.1,5.6,1.1,6.1
363,2015-12-30,19:40:00,07:20:00,0.5,10.4,8.6,6.8,0.3,5.0
364,2015-12-31,13:10:00,20:30:00,0.1,12.2,10.7,9.2,1.4,6.1
365,2016-01-01,14:50:00,00:00:00,3.2,14.4,11.3,8.2,1.9,8.9
366,2016-01-02,14:40:00,23:59:00,0.0,11.4,8.2,5.0,1.9,9.2
367,2016-01-03,23:59:00,00:30:00,0.4,11.9,8.3,4.7,2.5,10.3
368,2016-01-04,10:40:00,23:50:00,4.1,13.5,10.2,6.8,6.4,23.3
369,2016-01-05,13:20:00,23:59:00,0.0,9.6,6.8,4.1,3.1,11.9
370,2016-01-06,23:59:00,06:50:00,0.3,8.9,5.2,1.4,2.2,14.2
371,2016-01-07,15:30:00,00:00:00,0.5,14.4,11.6,8.9,4.4,13.9
372,2016-01-08,12:00:00,19:50:00,6.0,12.9,11.6,10.4,1.9,11.7
373,2016-01-09,13:30:00,00:00:00,0.2,11.5,9.8,8.2,2.5,12.8
374,2016-01-10,13:40:00,05:10:00,12.0,12.0,10.2,8.5,3.9,17.2
375,2016-01-11,00:00:00,23:20:00,0.4,11.3,8.2,5.2,3.6,17.2
376,2016-01-12,14:05:00,07:40:00,0.0,10.6,6.8,3.1,1.4,6.9
377,2016-01-13,14:15:00,07:10:00,0.0,9.6,5.8,2.0,0.6,3.9
378,2016-01-14,16:10:00,06:10:00,2.1,8.6,6.2,3.8,0.6,5.3
379,2016-01-15,14:45:00,23:59:00,0.0,9.6,6.8,4.0,2.2,11.9
380,2016-01-16,13:30:00,06:20:00,0.0,8.3,4.4,0.6,1.9,10.3
381,2016-01-17,15:30:00,07:50:00,0.0,7.0,3.0,-0.9,0.6,5.3
382,2016-01-18,14:50:00,06:40:00,0.0,9.8,6.0,2.2,2.8,9.2
383,2016-01-19,15:45:00,07:50:00,0.0,8.8,5.8,2.7,1.1,5.8
384,2016-01-20,15:20:00,04:10:00,0.0,9.2,5.4,1.6,0.3,4.2
385,2016-01-21,15:15:00,05:10:00,0.0,9.0,6.8,4.6,0.3,3.3
386,2016-01-22,15:50:00,04:50:00,0.8,11.3,8.6,6.0,1.1,4.7
387,2016-01-23,15:30:00,07:50:00,0.0,16.2,12.2,8.2,1.1,5.0
388,2016-01-24,15:20:00,07:00:00,0.0,17.5,12.8,8.2,0.6,4.7
389,2016-01-25,15:30:00,07:20:00,0.0,16.4,12.2,8.0,0.8,4.7
390,2016-01-26,14:30:00,06:30:00,0.0,14.4,10.7,7.0,0.8,5.6
391,2016-01-27,16:10:00,00:10:00,0.0,10.1,8.6,7.0,0.6,3.9
392,2016-01-28,11:50:00,18:00:00,3.7,9.6,8.5,7.4,1.1,5.8
393,2016-01-29,16:20:00,03:30:00,0.5,10.6,8.6,6.5,1.9,7.8
394,2016-01-30,15:10:00,08:10:00,0.0,12.9,8.6,4.2,1.1,6.9
395,2016-01-31,14:30:00,05:15:00,0.0,14.8,10.9,7.0,0.3,8.1
396,2016-02-01,00:00:00,07:10:00,0.0,15.4,10.4,5.3,0.6,4.7
397,2016-02-02,15:30:00,07:20:00,0.0,14.2,10.0,5.8,0.3,5.0
398,2016-02-03,13:30:00,23:59:00,0.0,14.4,10.0,5.7,2.8,10.8
399,2016-02-04,16:15:00,07:05:00,0.0,11.2,7.4,3.5,1.4,8.9
400,2016-02-05,15:30:00,07:50:00,0.0,10.7,7.0,3.2,0.8,6.1
401,2016-02-06,14:30:00,05:50:00,13.8,11.5,7.0,2.5,1.4,13.3
402,2016-02-07,15:10:00,06:20:00,0.0,10.6,7.2,3.9,1.7,14.7
403,2016-02-08,13:00:00,04:40:00,0.0,12.2,8.8,5.5,2.5,9.4
404,2016-02-09,13:10:00,07:20:00,0.6,12.6,10.6,8.6,4.7,18.6
405,2016-02-10,15:30:00,06:30:00,0.0,14.3,11.4,8.5,4.4,15.6
406,2016-02-11,15:10:00,03:30:00,2.8,16.2,13.4,10.5,2.8,13.9
407,2016-02-12,18:20:00,05:05:00,6.2,13.5,11.2,8.8,4.2,16.1
408,2016-02-13,14:50:00,00:00:00,2.3,13.8,12.7,11.6,4.4,15.3
409,2016-02-14,00:00:00,23:59:00,2.4,12.0,8.2,4.4,3.6,17.8
410,2016-02-15,12:30:00,23:59:00,0.0,10.5,6.8,3.0,4.2,17.5
411,2016-02-16,13:20:00,23:59:00,0.0,8.5,4.6,0.7,3.6,14.7
412,2016-02-17,15:30:00,07:15:00,2.2,8.6,3.0,-2.5,1.4,9.7
413,2016-02-18,12:15:00,00:00:00,1.7,10.2,6.8,3.4,1.4,8.9
414,2016-02-19,15:20:00,06:30:00,0.0,11.0,6.2,1.5,2.5,9.2
415,2016-02-20,16:20:00,06:30:00,0.0,13.5,7.8,2.2,1.4,6.7
416,2016-02-21,15:45:00,04:30:00,0.0,13.7,9.0,4.2,1.4,6.4
417,2016-02-22,15:45:00,06:20:00,0.0,15.2,10.1,5.0,1.1,6.7
418,2016-02-23,15:50:00,06:45:00,0.0,15.0,10.0,4.9,1.7,6.4
419,2016-02-24,14:15:00,05:45:00,1.5,10.7,7.4,4.2,2.2,9.2
420,2016-02-25,15:20:00,05:20:00,0.0,13.0,8.7,4.4,2.5,11.7
421,2016-02-26,12:30:00,23:59:00,5.8,8.2,5.8,3.3,1.9,13.6
422,2016-02-27,13:10:00,03:20:00,0.0,8.2,5.4,2.6,4.2,17.8
423,2016-02-28,14:45:00,00:00:00,0.0,11.7,7.7,3.7,3.3,0.0
424,2016-02-29,15:45:00,07:20:00,0.0,13.4,8.2,2.9,1.9,11.7
425,2016-03-01,16:05:00,07:05:00,0.0,16.6,9.1,1.6,0.6,4.7
426,2016-03-02,15:30:00,04:30:00,0.0,18.5,11.3,4.1,2.5,12.5
427,2016-03-03,16:20:00,07:20:00,0.0,15.5,10.2,4.8,1.9,7.8
428,2016-03-04,15:30:00,06:15:00,1.5,15.2,9.8,4.4,3.1,14.4
429,2016-03-05,14:10:00,06:40:00,,10.8,6.8,2.8,2.2,12.5
430,2016-03-06,15:45:00,07:00:00,1.1,11.3,6.6,2.0,2.2,10.6
431,2016-03-07,15:10:00,06:50:00,0.5,10.5,7.0,3.6,3.6,13.1
432,2016-03-08,13:40:00,07:20:00,0.0,10.9,7.4,3.8,3.3,14.2
433,2016-03-09,15:01:00,03:10:00,0.0,14.5,8.8,3.1,3.6,15.8
434,2016-03-10,14:10:00,05:15:00,0.0,11.4,7.2,3.0,3.6,15.8
435,2016-03-11,15:30:00,07:00:00,0.0,13.9,9.0,4.2,2.5,12.8
436,2016-03-12,15:50:00,06:10:00,0.0,13.7,7.6,1.5,1.1,5.8
437,2016-03-13,15:20:00,06:45:00,0.0,15.3,9.0,2.6,1.1,8.9
438,2016-03-14,16:10:00,06:50:00,0.0,13.1,7.8,2.5,1.9,11.1
439,2016-03-15,14:30:00,06:30:00,0.0,14.9,9.0,3.0,2.2,6.7
440,2016-03-16,15:50:00,05:45:00,0.0,16.4,9.6,2.7,1.4,6.1
441,2016-03-17,16:00:00,07:15:00,0.0,16.2,10.6,5.1,2.5,7.8
442,2016-03-18,15:10:00,05:50:00,18.4,14.0,9.3,4.6,2.2,8.9
443,2016-03-19,15:10:00,23:59:00,0.2,12.4,9.8,7.3,2.5,11.1
444,2016-03-20,14:15:00,05:15:00,0.1,13.7,9.1,4.5,0.6,10.0
445,2016-03-21,13:15:00,23:59:00,19.8,14.2,10.0,5.9,1.7,9.7
446,2016-03-22,13:30:00,00:00:00,0.1,14.6,10.1,5.6,1.9,7.5
447,2016-03-23,15:20:00,06:50:00,0.0,14.0,9.2,4.3,1.9,8.6
448,2016-03-24,15:45:00,05:15:00,0.0,19.0,11.0,3.1,1.1,6.1
449,2016-03-25,14:20:00,05:10:00,0.0,17.2,11.0,4.9,0.8,5.3
450,2016-03-26,13:30:00,05:30:00,0.5,15.6,10.9,6.2,3.1,11.7
451,2016-03-27,14:20:00,06:45:00,0.0,15.8,11.6,7.5,3.6,12.2
452,2016-03-28,17:40:00,06:50:00,,13.5,11.0,8.4,2.8,9.2
453,2016-03-29,16:10:00,02:50:00,0.0,18.7,13.8,9.0,2.8,8.6
454,2016-03-30,15:10:00,06:15:00,0.5,22.5,15.2,7.8,1.7,10.0
455,2016-03-31,13:40:00,07:30:00,0.0,13.2,8.8,4.3,3.9,18.3
456,2016-04-01,14:15:00,05:30:00,0.0,14.4,9.4,4.5,2.5,9.2
457,2016-04-02,14:50:00,07:20:00,0.0,17.1,10.3,3.5,2.5,8.3
458,2016-04-03,13:05:00,23:00:00,6.6,14.6,11.4,8.2,2.8,13.1
459,2016-04-04,11:45:00,05:45:00,13.2,9.9,8.2,6.6,1.1,6.9
460,2016-04-05,15:15:00,00:25:00,0.0,16.0,11.5,7.0,3.9,14.7
461,2016-04-06,16:00:00,04:30:00,0.0,20.1,13.0,6.0,1.9,7.2
462,2016-04-07,16:20:00,05:10:00,0.0,20.4,13.6,6.7,1.7,14.7
463,2016-04-08,15:10:00,05:50:00,0.0,14.2,9.8,5.3,3.1,15.6
464,2016-04-09,00:00:00,06:40:00,0.0,18.8,12.0,5.3,1.9,8.9
465,2016-04-10,15:50:00,19:30:00,1.9,13.8,10.0,6.3,3.9,13.1
466,2016-04-11,14:40:00,03:00:00,5.8,13.5,9.2,4.8,1.9,10.3
467,2016-04-12,15:15:00,00:00:00,11.8,12.7,10.0,7.2,2.2,12.5
468,2016-04-13,13:50:00,06:15:00,0.0,15.8,11.4,7.0,3.3,10.3
469,2016-04-14,14:40:00,05:10:00,0.0,18.9,13.4,7.8,1.4,8.3
470,2016-04-15,14:00:00,05:40:00,1.8,19.4,13.8,8.2,2.8,13.9
471,2016-04-16,16:30:00,00:00:00,14.7,13.8,11.8,9.9,2.8,14.4
472,2016-04-17,14:20:00,06:00:00,0.0,17.4,12.2,7.1,2.5,9.2
473,2016-04-18,15:10:00,06:10:00,0.0,21.6,14.6,7.5,2.5,9.7
474,2016-04-19,00:00:00,12:10:00,27.8,14.5,12.5,10.5,1.4,7.8
475,2016-04-20,00:00:00,00:00:00,2.6,12.2,10.4,8.5,1.1,10.8
476,2016-04-21,14:50:00,03:10:00,1.0,17.4,12.8,8.2,1.7,8.1
477,2016-04-22,15:20:00,05:10:00,0.0,17.5,13.6,9.6,1.4,8.3
478,2016-04-23,13:30:00,06:10:00,3.9,18.5,13.8,9.1,1.4,9.7
479,2016-04-24,13:30:00,07:40:00,0.0,18.2,12.8,7.5,1.7,8.9
480,2016-04-25,14:30:00,05:45:00,0.0,20.6,13.2,5.8,1.4,7.5
481,2016-04-26,14:10:00,05:45:00,0.0,22.3,15.0,7.8,2.2,8.1
482,2016-04-27,12:50:00,04:40:00,1.1,21.6,16.3,11.0,1.7,9.7
483,2016-04-28,13:30:00,06:30:00,,18.5,14.5,10.5,1.7,6.7
484,2016-04-29,15:15:00,04:30:00,1.0,19.2,14.8,10.4,1.1,8.1
485,2016-04-30,13:20:00,23:59:00,0.0,19.8,14.1,8.4,3.1,10.6
486,2016-05-01,15:45:00,05:30:00,0.0,18.0,11.2,4.5,2.2,9.4
487,2016-05-02,15:20:00,05:30:00,0.0,23.7,14.3,4.9,1.9,7.2
488,2016-05-03,14:40:00,04:50:00,0.0,26.5,18.6,10.6,1.7,7.2
489,2016-05-04,15:20:00,05:10:00,0.0,27.5,20.2,13.0,1.4,7.5
490,2016-05-05,13:20:00,05:10:00,1.2,20.8,17.6,14.5,2.2,11.7
491,2016-05-06,11:30:00,05:20:00,8.3,16.2,13.5,10.8,1.4,8.9
492,2016-05-07,14:10:00,05:10:00,5.7,16.6,13.6,10.6,1.4,8.9
493,2016-05-08,00:30:00,11:50:00,14.8,12.4,11.0,9.5,2.2,11.7
494,2016-05-09,16:30:00,21:30:00,7.6,13.7,11.1,8.5,1.9,9.2
495,2016-05-10,10:45:00,05:15:00,6.6,16.7,12.6,8.4,1.7,10.8
496,2016-05-11,14:30:00,05:30:00,6.4,15.8,11.4,7.0,0.8,8.3
497,2016-05-12,00:00:00,05:15:00,0.0,16.0,12.1,8.2,2.5,10.0
498,2016-05-13,16:00:00,04:30:00,0.3,16.6,12.4,8.3,1.1,10.6
499,2016-05-14,11:30:00,00:00:00,0.0,19.3,14.2,9.0,0.8,6.7
500,2016-05-15,12:30:00,06:40:00,0.0,20.3,16.6,13.0,1.9,8.3
501,2016-05-16,15:50:00,04:50:00,0.0,23.7,16.4,9.2,1.1,7.8
502,2016-05-17,14:10:00,04:20:00,0.0,25.0,18.5,12.0,1.4,6.1
503,2016-05-18,15:50:00,04:50:00,0.0,25.9,19.2,12.4,2.5,8.9
504,2016-05-19,14:10:00,05:30:00,0.0,26.2,19.5,12.8,1.4,8.6
505,2016-05-20,13:40:00,05:50:00,0.0,28.2,21.1,14.0,1.7,5.6
506,2016-05-21,14:30:00,05:20:00,0.0,29.2,22.4,15.5,2.5,9.4
507,2016-05-22,13:40:00,23:59:00,0.0,23.0,18.2,13.4,3.1,14.4
508,2016-05-23,15:45:00,05:10:00,0.0,22.1,16.2,10.3,1.1,5.8
509,2016-05-24,00:00:00,04:50:00,0.0,25.6,20.1,14.6,2.5,10.0
510,2016-05-25,13:50:00,05:50:00,0.0,20.8,17.5,14.2,1.7,8.6
511,2016-05-26,15:40:00,05:00:00,0.0,24.8,19.4,13.9,1.7,7.5
512,2016-05-27,14:45:00,04:45:00,0.0,25.6,19.2,12.7,2.2,10.8
513,2016-05-28,00:00:00,23:59:00,4.2,20.6,16.4,12.2,1.7,17.8
514,2016-05-29,14:10:00,01:30:00,0.0,19.9,15.6,11.3,3.1,12.5
515,2016-05-30,14:10:00,00:00:00,0.0,21.6,16.4,11.2,1.7,7.8
516,2016-05-31,14:15:00,05:10:00,0.0,24.1,17.4,10.8,1.1,8.9
517,2016-06-01,15:10:00,05:45:00,0.0,27.1,19.6,12.0,1.7,7.2
518,2016-06-02,14:50:00,05:10:00,0.0,28.5,20.5,12.5,1.1,6.7
519,2016-06-03,13:40:00,03:50:00,0.6,29.5,22.8,16.0,2.5,9.2
520,2016-06-04,14:05:00,05:15:00,0.0,27.4,21.0,14.6,1.9,6.9
521,2016-06-05,00:00:00,05:50:00,0.0,28.4,21.9,15.4,1.9,6.1
522,2016-06-06,14:30:00,05:50:00,0.0,29.4,22.7,16.0,1.9,10.3
523,2016-06-07,14:40:00,05:50:00,0.0,32.7,25.6,18.4,1.9,6.4
524,2016-06-08,14:15:00,05:15:00,0.0,34.2,26.7,19.2,1.7,7.5
525,2016-06-09,14:15:00,04:45:00,0.0,34.7,27.2,19.7,2.2,9.4
526,2016-06-10,13:20:00,05:20:00,0.0,31.0,25.2,19.4,3.1,9.7
527,2016-06-11,14:10:00,04:50:00,0.0,31.2,25.1,19.0,2.5,15.6
528,2016-06-12,13:50:00,04:50:00,0.0,31.5,24.4,17.2,1.9,17.2
529,2016-06-13,14:10:00,05:45:00,0.0,31.7,25.4,19.0,3.3,12.2
530,2016-06-14,05:20:00,05:10:00,0.0,29.2,22.7,16.2,3.3,12.2
531,2016-06-15,14:30:00,23:59:00,0.5,21.5,17.2,13.0,2.8,15.0
532,2016-06-16,17:15:00,04:10:00,0.0,19.7,15.2,10.8,3.1,11.4
533,2016-06-17,14:40:00,05:10:00,0.0,22.5,16.9,11.3,1.9,8.3
534,2016-06-18,14:40:00,05:45:00,0.0,24.5,19.1,13.7,2.5,8.6
535,2016-06-19,15:15:00,05:45:00,0.0,27.8,19.8,11.8,1.4,8.6
536,2016-06-20,15:15:00,05:15:00,0.0,32.3,23.4,14.6,1.4,8.3
537,2016-06-21,13:50:00,00:00:00,0.0,34.2,26.8,19.5,1.7,8.3
538,2016-06-22,14:00:00,05:00:00,0.0,35.3,27.5,19.7,2.5,10.3
539,2016-06-23,15:30:00,05:40:00,0.0,33.4,26.4,19.3,2.5,9.7
540,2016-06-24,14:40:00,04:20:00,0.0,34.4,27.3,20.2,2.5,11.1
541,2016-06-25,13:15:00,05:45:00,0.0,33.3,26.2,19.0,2.2,13.9
542,2016-06-26,13:20:00,05:50:00,0.0,32.0,24.5,17.0,1.4,12.5
543,2016-06-27,14:15:00,00:00:00,0.0,34.3,26.6,19.0,1.1,8.3
544,2016-06-28,15:10:00,05:40:00,0.0,35.8,28.6,21.3,1.9,10.8
545,2016-06-29,14:10:00,05:50:00,0.0,35.4,28.9,22.4,2.5,11.4
546,2016-06-30,14:40:00,05:30:00,0.0,34.3,27.8,21.2,1.7,9.2
547,2016-07-01,14:10:00,04:40:00,0.0,34.5,27.8,21.0,1.9,8.6
548,2016-07-02,14:10:00,05:10:00,0.0,36.0,28.6,21.2,1.7,10.8
549,2016-07-03,14:20:00,05:10:00,0.0,36.5,28.4,20.4,1.9,11.1
550,2016-07-04,14:50:00,04:40:00,0.2,34.9,28.6,22.4,2.2,10.6
551,2016-07-05,14:20:00,23:59:00,5.5,35.1,27.2,19.3,1.7,12.2
552,2016-07-06,15:10:00,00:30:00,5.7,34.4,26.8,19.2,1.9,8.9
553,2016-07-07,16:20:00,00:00:00,0.0,31.3,25.8,20.4,2.5,10.0
554,2016-07-08,14:10:00,05:30:00,0.0,34.4,27.8,21.3,1.4,7.8
555,2016-07-09,13:40:00,05:50:00,0.0,36.7,29.8,23.0,0.8,6.9
556,2016-07-10,14:10:00,05:50:00,0.0,38.4,31.4,24.4,1.7,6.9
557,2016-07-11,14:40:00,00:00:00,0.0,37.2,31.0,24.9,2.5,11.4
558,2016-07-12,14:10:00,05:20:00,0.0,34.4,28.2,22.0,1.7,11.1
559,2016-07-13,13:50:00,05:40:00,0.0,30.2,23.2,16.2,3.1,13.9
560,2016-07-14,14:50:00,05:30:00,0.0,30.5,21.8,13.0,2.5,13.3
561,2016-07-15,15:10:00,06:00:00,0.0,31.2,22.6,14.0,1.4,10.6
562,2016-07-16,15:10:00,05:50:00,0.0,34.0,26.7,19.4,0.8,5.8
563,2016-07-17,14:40:00,06:10:00,0.0,36.5,28.8,21.2,0.8,8.3
564,2016-07-18,14:30:00,05:10:00,0.0,38.6,30.1,21.6,2.8,8.6
565,2016-07-19,15:20:00,05:10:00,0.0,36.9,29.6,22.2,0.8,6.9
566,2016-07-20,16:10:00,23:59:00,0.0,35.4,29.9,24.4,2.5,12.8
567,2016-07-21,14:40:00,05:50:00,0.0,35.3,28.2,21.0,1.9,9.4
568,2016-07-22,13:50:00,06:10:00,0.0,33.2,26.8,20.4,1.9,12.2
569,2016-07-23,13:50:00,05:40:00,0.0,31.7,24.8,17.8,2.8,10.8
570,2016-07-24,14:50:00,05:10:00,0.0,33.2,26.2,19.2,1.4,8.1
571,2016-07-25,14:40:00,06:10:00,0.0,36.6,29.0,21.4,1.7,10.0
572,2016-07-26,14:40:00,05:40:00,0.0,38.0,30.6,23.3,1.4,11.7
573,2016-07-27,14:20:00,06:10:00,0.0,38.0,31.0,24.1,1.7,10.3
574,2016-07-28,14:00:00,05:40:00,0.0,37.4,30.3,23.2,1.9,8.3
575,2016-07-29,00:00:00,06:10:00,0.0,38.4,31.5,24.6,2.8,10.0
576,2016-07-30,14:30:00,05:50:00,0.0,35.7,30.0,24.4,3.3,10.8
577,2016-07-31,14:30:00,05:50:00,0.0,34.4,27.2,19.9,1.7,9.7
578,2016-08-01,14:15:00,05:30:00,0.0,34.7,27.6,20.6,1.4,10.0
579,2016-08-02,13:15:00,06:30:00,0.0,36.7,29.4,22.2,1.9,9.7
580,2016-08-03,13:40:00,05:50:00,0.0,37.9,30.6,23.3,1.7,8.3
581,2016-08-04,13:40:00,06:30:00,0.0,36.0,29.3,22.6,2.8,11.7
582,2016-08-05,14:15:00,06:10:00,0.0,33.0,26.8,20.6,2.2,10.0
583,2016-08-06,14:30:00,06:10:00,0.0,35.2,27.6,20.0,2.2,8.6
584,2016-08-07,14:15:00,06:45:00,0.0,36.2,28.0,19.7,1.9,7.5
585,2016-08-08,14:30:00,06:20:00,0.0,35.4,28.9,22.4,0.3,5.0
586,2016-08-09,14:10:00,23:59:00,0.0,35.3,27.5,19.7,1.1,13.9
587,2016-08-10,14:20:00,07:00:00,0.0,29.5,23.0,16.6,3.3,14.2
588,2016-08-11,14:40:00,06:30:00,0.0,31.0,23.4,15.9,1.9,10.8
589,2016-08-12,14:30:00,06:10:00,0.0,33.0,25.8,18.6,1.1,6.9
590,2016-08-13,14:15:00,06:15:00,0.0,34.2,27.4,20.6,1.1,7.2
591,2016-08-14,13:45:00,05:30:00,0.0,34.4,27.4,20.3,1.7,10.0
592,2016-08-15,14:10:00,05:50:00,0.0,34.1,27.7,21.3,1.7,8.9
593,2016-08-16,14:20:00,05:30:00,0.0,34.2,28.0,21.7,1.9,8.9
594,2016-08-17,13:45:00,05:30:00,0.0,33.6,26.8,20.0,1.1,7.5
595,2016-08-18,14:10:00,05:30:00,0.0,33.7,27.2,20.6,1.7,5.8
596,2016-08-19,13:45:00,05:30:00,0.0,34.9,27.6,20.4,1.4,9.4
597,2016-08-20,14:10:00,23:59:00,0.0,33.0,27.5,22.0,2.2,10.8
598,2016-08-21,14:15:00,05:45:00,0.0,32.5,25.4,18.2,1.9,10.8
599,2016-08-22,14:10:00,00:00:00,0.0,35.3,28.4,21.4,1.4,7.8
600,2016-08-23,14:10:00,05:55:00,0.0,36.0,29.6,23.2,1.4,6.1
601,2016-08-24,14:30:00,05:50:00,0.0,34.7,28.0,21.4,1.9,7.5
602,2016-08-25,14:20:00,05:10:00,0.0,34.5,27.6,20.6,1.4,7.2
603,2016-08-26,13:50:00,06:30:00,0.0,33.3,27.4,21.4,1.4,6.1
604,2016-08-27,14:20:00,05:50:00,0.0,35.5,28.9,22.3,2.2,9.2
605,2016-08-28,13:30:00,06:50:00,0.0,35.4,28.7,22.0,1.7,7.8
606,2016-08-29,14:20:00,23:59:00,0.0,34.5,28.0,21.5,2.5,11.7
607,2016-08-30,14:30:00,06:50:00,0.0,32.5,25.2,18.0,1.9,10.0
608,2016-08-31,14:15:00,06:30:00,0.0,33.3,26.9,20.5,1.1,8.3
609,2016-09-01,14:10:00,06:50:00,0.0,34.0,27.8,21.6,1.7,10.3
610,2016-09-02,13:50:00,06:30:00,0.0,34.1,27.2,20.2,0.8,5.0
611,2016-09-03,13:50:00,05:40:00,0.0,36.0,29.2,22.4,1.4,6.1
612,2016-09-04,14:05:00,00:00:00,0.0,37.0,29.6,22.2,1.7,8.9
613,2016-09-05,14:00:00,06:20:00,0.0,37.4,29.9,22.4,1.4,7.8
614,2016-09-06,14:20:00,06:20:00,0.0,38.9,30.6,22.4,1.1,6.4
615,2016-09-07,14:20:00,07:10:00,0.0,38.5,31.0,23.4,2.5,13.6
616,2016-09-08,14:05:00,06:40:00,0.0,33.4,26.9,20.4,1.7,8.9
617,2016-09-09,13:30:00,06:30:00,0.0,31.0,25.4,19.9,1.4,6.4
618,2016-09-10,14:30:00,06:40:00,0.0,32.0,26.2,20.5,1.1,7.2
619,2016-09-11,14:20:00,00:00:00,0.0,32.2,26.4,20.6,1.1,7.2
620,2016-09-12,00:00:00,06:10:00,0.9,33.4,26.8,20.1,1.4,11.4
621,2016-09-13,00:00:00,19:40:00,7.0,25.3,19.8,14.2,2.8,15.8
622,2016-09-14,13:20:00,05:45:00,0.2,18.2,15.7,13.2,2.2,10.3
623,2016-09-15,12:45:00,06:10:00,0.0,20.2,15.4,10.5,1.4,8.6
624,2016-09-16,13:50:00,05:30:00,0.0,24.5,18.6,12.6,1.1,7.8
625,2016-09-17,15:10:00,06:20:00,0.0,23.4,18.5,13.6,2.2,9.4
626,2016-09-18,13:30:00,06:50:00,0.0,23.8,17.7,11.6,0.6,8.9
627,2016-09-19,13:40:00,06:10:00,0.0,24.7,18.2,11.7,0.8,5.8
628,2016-09-20,16:10:00,07:10:00,0.0,26.5,20.8,15.2,1.7,6.7
629,2016-09-21,13:30:00,06:30:00,0.0,27.9,20.9,13.9,1.4,9.2
630,2016-09-22,13:40:00,06:10:00,0.0,27.6,20.3,13.0,1.1,7.5
631,2016-09-23,13:15:00,05:30:00,0.0,27.3,21.2,15.0,1.1,0.0
632,2016-09-24,13:40:00,06:30:00,0.0,27.1,21.0,15.0,1.1,6.1
633,2016-09-25,13:05:00,04:10:00,0.0,26.4,21.0,15.7,0.8,7.5
634,2016-09-26,13:30:00,05:20:00,0.0,26.4,21.7,17.0,1.4,7.5
635,2016-09-27,00:00:00,03:50:00,0.0,27.6,22.0,16.5,1.1,9.7
636,2016-09-28,12:30:00,06:20:00,0.0,25.0,20.2,15.4,1.9,8.6
637,2016-09-29,14:10:00,05:30:00,0.0,24.9,19.6,14.2,1.1,5.6
638,2016-09-30,13:20:00,06:10:00,0.0,25.6,20.2,14.7,1.4,5.3
639,2016-10-01,13:20:00,06:45:00,0.0,26.8,20.8,14.8,1.9,11.1
640,2016-10-02,13:10:00,06:50:00,0.0,26.2,19.8,13.5,1.4,8.1
641,2016-10-03,13:20:00,03:20:00,0.0,27.2,20.9,14.6,0.8,4.7
642,2016-10-04,13:20:00,06:20:00,0.0,27.4,21.4,15.4,1.1,5.0
643,2016-10-05,13:20:00,06:40:00,0.0,26.5,21.4,16.2,1.4,6.1
644,2016-10-06,12:50:00,06:50:00,0.0,27.6,21.6,15.6,1.1,7.8
645,2016-10-07,14:45:00,00:00:00,0.0,26.2,19.5,12.8,1.1,6.7
646,2016-10-08,15:40:00,05:40:00,0.0,25.7,19.2,12.6,0.8,6.1
647,2016-10-09,00:00:00,07:00:00,0.0,24.4,19.0,13.6,1.1,7.8
648,2016-10-10,16:00:00,07:20:00,0.0,24.4,18.3,12.2,1.1,8.1
649,2016-10-11,13:10:00,06:40:00,6.0,23.3,16.5,9.7,1.4,9.2
650,2016-10-12,03:15:00,06:40:00,13.3,14.4,12.7,11.0,0.6,5.0
651,2016-10-13,14:10:00,07:30:00,1.1,16.5,13.8,11.0,1.4,7.2
652,2016-10-14,12:50:00,23:59:00,0.4,18.4,14.7,11.0,0.6,8.1
653,2016-10-15,13:10:00,06:30:00,0.0,17.7,12.8,8.0,0.6,5.6
654,2016-10-16,00:00:00,05:50:00,0.0,19.9,15.1,10.3,0.6,5.0
655,2016-10-17,15:05:00,05:10:00,5.0,18.4,16.2,14.0,1.1,5.0
656,2016-10-18,15:10:00,06:30:00,6.1,19.7,16.4,13.2,0.8,5.8
657,2016-10-19,14:50:00,06:50:00,4.7,18.6,16.5,14.4,0.3,3.3
658,2016-10-20,15:10:00,06:30:00,1.9,18.2,15.9,13.6,0.8,4.4
659,2016-10-21,14:45:00,06:55:00,0.3,18.9,15.2,11.4,0.6,4.2
660,2016-10-22,15:50:00,21:50:00,21.8,16.3,14.6,12.8,0.8,6.4
661,2016-10-23,00:50:00,23:59:00,12.8,14.4,13.0,11.5,1.7,10.8
662,2016-10-24,16:30:00,06:50:00,0.6,14.5,12.4,10.4,1.4,6.4
663,2016-10-25,11:45:00,06:15:00,1.4,19.4,16.0,12.7,1.4,6.4
664,2016-10-26,13:20:00,06:20:00,0.0,22.8,18.3,13.8,0.6,5.8
665,2016-10-27,14:40:00,06:10:00,0.0,23.4,19.4,15.5,1.1,6.7
666,2016-10-28,15:10:00,05:20:00,0.0,21.6,18.0,14.3,0.6,4.7
667,2016-10-29,14:40:00,06:50:00,0.0,21.6,17.0,12.5,0.6,5.3
668,2016-10-30,00:00:00,07:10:00,0.0,22.9,16.0,9.0,0.6,4.2
669,2016-10-31,00:00:00,00:00:00,0.0,21.2,15.0,8.8,0.3,3.6
670,2016-11-01,00:00:00,06:45:00,0.0,17.8,13.2,8.5,0.3,3.3
671,2016-11-02,14:30:00,06:50:00,0.0,20.2,15.2,10.2,0.6,4.2
672,2016-11-03,14:50:00,06:55:00,5.5,21.0,16.0,10.9,0.6,3.9
673,2016-11-04,14:55:00,07:10:00,11.7,16.2,14.0,11.8,0.6,7.2
674,2016-11-05,11:40:00,23:59:00,14.4,15.3,11.4,7.6,2.2,14.2
675,2016-11-06,12:30:00,06:50:00,0.0,13.4,9.4,5.3,1.4,8.9
676,2016-11-07,12:45:00,06:50:00,0.6,10.6,7.3,4.0,0.8,5.0
677,2016-11-08,15:10:00,06:20:00,0.2,11.4,6.8,2.2,2.2,8.3
678,2016-11-09,12:45:00,02:50:00,0.0,15.5,11.0,6.5,1.9,7.8
679,2016-11-10,14:20:00,07:15:00,0.0,12.2,8.3,4.4,0.8,3.9
680,2016-11-11,14:55:00,07:05:00,0.0,13.6,8.8,4.0,0.3,3.9
681,2016-11-12,14:30:00,06:30:00,0.0,13.1,8.7,4.3,0.3,2.5
682,2016-11-13,14:40:00,07:15:00,0.0,17.1,12.2,7.2,1.1,9.2
683,2016-11-14,00:00:00,00:00:00,0.0,14.8,10.2,5.6,1.9,8.9
684,2016-11-15,14:45:00,07:30:00,0.0,14.8,10.2,5.6,1.7,7.2
685,2016-11-16,15:10:00,06:30:00,0.0,14.3,9.5,4.7,0.8,3.6
686,2016-11-17,15:10:00,06:10:00,0.0,16.0,10.5,5.0,0.6,4.2
687,2016-11-18,15:00:00,07:00:00,0.0,13.4,10.0,6.5,0.0,4.2
688,2016-11-19,15:10:00,07:10:00,5.7,12.0,8.2,4.4,0.6,8.1
689,2016-11-20,00:00:00,08:40:00,15.7,10.8,8.8,6.8,0.3,12.2
690,2016-11-21,14:50:00,23:59:00,0.1,12.0,9.5,7.0,1.9,11.9
691,2016-11-22,00:00:00,01:45:00,0.1,9.5,8.0,6.5,0.8,5.3
692,2016-11-23,14:30:00,22:10:00,1.4,8.4,6.4,4.3,1.1,6.4
693,2016-11-24,14:20:00,06:10:00,0.0,8.5,5.7,2.9,0.8,6.1
694,2016-11-25,13:10:00,06:20:00,12.4,5.9,4.6,3.4,1.1,5.8
695,2016-11-26,13:50:00,01:30:00,19.9,10.0,7.8,5.5,1.4,6.4
696,2016-11-27,11:40:00,23:30:00,7.0,10.9,9.6,8.2,1.7,6.7
697,2016-11-28,12:30:00,23:59:00,0.0,12.6,9.9,7.2,1.9,8.6
698,2016-11-29,00:00:00,00:00:00,1.0,12.0,9.4,6.8,1.4,5.3
699,2016-11-30,14:10:00,02:00:00,0.0,14.0,11.6,9.2,2.8,8.9
700,2016-12-01,14:10:00,05:40:00,0.0,11.2,10.3,9.4,1.1,5.8
701,2016-12-02,14:45:00,23:59:00,0.0,12.6,9.8,6.9,0.6,3.3
702,2016-12-03,15:20:00,04:30:00,12.1,11.7,9.0,6.2,1.9,7.2
703,2016-12-04,00:00:00,00:00:00,5.3,11.5,10.4,9.2,1.9,8.1
704,2016-12-05,15:10:00,06:45:00,0.0,14.0,11.8,9.6,2.2,7.2
705,2016-12-06,14:45:00,06:40:00,0.0,13.3,10.5,7.7,1.4,6.1
706,2016-12-07,15:20:00,07:15:00,0.0,12.7,8.8,5.0,0.3,2.8
707,2016-12-08,14:30:00,07:00:00,0.0,12.2,8.8,5.4,0.3,4.2
708,2016-12-09,14:10:00,06:40:00,0.0,13.0,9.5,6.0,1.1,4.4
709,2016-12-10,14:30:00,23:50:00,0.0,13.7,10.8,7.8,0.8,4.2
710,2016-12-11,14:30:00,08:10:00,0.0,13.0,8.8,4.6,0.0,4.4
711,2016-12-12,14:30:00,07:00:00,0.0,10.2,7.2,4.2,0.3,2.5
712,2016-12-13,15:30:00,06:50:00,0.0,9.9,6.6,3.4,0.6,2.5
713,2016-12-14,00:00:00,09:00:00,5.8,9.8,8.0,6.2,0.8,4.4
714,2016-12-15,14:10:00,02:15:00,3.8,10.3,8.8,7.2,0.8,4.7
715,2016-12-16,00:00:00,06:00:00,2.8,9.0,8.2,7.3,1.7,9.7
716,2016-12-17,14:40:00,03:50:00,0.0,12.6,10.4,8.2,4.7,14.2
717,2016-12-18,14:05:00,05:50:00,0.0,11.0,8.2,5.4,3.6,11.4
718,2016-12-19,14:20:00,23:59:00,0.0,10.4,6.8,3.1,1.9,13.1
719,2016-12-20,14:30:00,07:40:00,0.0,10.1,5.8,1.4,0.3,4.7
720,2016-12-21,14:10:00,00:40:00,0.0,12.0,7.9,3.8,0.3,5.3
721,2016-12-22,13:50:00,06:10:00,0.0,11.5,8.0,4.5,0.3,2.5
722,2016-12-23,14:50:00,07:50:00,0.0,12.5,8.8,5.1,0.0,5.0
723,2016-12-24,13:50:00,04:50:00,0.0,13.2,8.8,4.5,1.7,6.4
724,2016-12-25,15:20:00,00:00:00,0.0,11.4,7.2,3.0,0.6,5.6
725,2016-12-26,15:15:00,06:15:00,0.0,13.2,7.6,2.0,0.0,3.3
726,2016-12-27,15:10:00,00:00:00,0.0,14.5,9.8,5.0,0.3,5.8
727,2016-12-28,14:45:00,07:30:00,0.0,13.5,9.0,4.4,0.3,6.1
728,2016-12-29,14:50:00,07:50:00,0.0,12.2,6.9,1.6,0.0,3.3
729,2016-12-30,14:30:00,07:30:00,0.0,11.2,5.0,-1.2,0.3,2.5
730,2016-12-31,16:40:00,08:30:00,0.0,3.3,0.4,-2.4,0.0,2.8
731,2017-01-01,00:00:00,05:30:00,0.0,4.0,1.7,-0.6,0.0,3.3
732,2017-01-02,15:30:00,01:40:00,0.0,6.2,2.7,-0.8,0.8,4.4
733,2017-01-03,15:40:00,05:50:00,,10.2,6.0,1.7,0.0,3.3
734,2017-01-04,14:30:00,08:30:00,0.0,11.5,6.8,2.2,0.8,3.6
735,2017-01-05,00:00:00,03:30:00,0.0,9.8,7.2,4.7,0.6,2.8
736,2017-01-06,00:00:00,06:45:00,0.0,9.8,5.4,1.1,0.0,0.0
737,2017-01-07,14:10:00,08:10:00,0.0,10.4,5.0,-0.3,0.0,4.2
738,2017-01-08,14:15:00,08:10:00,0.0,11.5,5.5,-0.5,0.6,5.6
739,2017-01-09,14:50:00,06:10:00,0.0,11.2,5.4,-0.4,0.6,3.3
740,2017-01-10,13:20:00,05:10:00,0.0,12.0,7.7,3.4,0.8,4.4
741,2017-01-11,14:40:00,04:20:00,0.0,16.0,10.4,4.8,3.1,10.8
742,2017-01-12,14:30:00,07:00:00,0.0,12.7,8.6,4.4,0.8,11.1
743,2017-01-13,13:30:00,23:00:00,0.0,10.5,7.2,4.0,3.1,13.9
744,2017-01-14,12:50:00,08:00:00,0.0,8.2,3.8,-0.5,2.2,18.3
745,2017-01-15,14:05:00,00:20:00,0.0,11.4,6.6,1.8,0.6,7.8
746,2017-01-16,14:00:00,05:50:00,0.0,11.8,6.2,0.5,0.8,12.5
747,2017-01-17,10:20:00,23:50:00,0.0,11.2,5.8,0.4,3.3,13.1
748,2017-01-18,15:30:00,07:45:00,0.0,5.0,1.0,-3.0,1.1,12.5
749,2017-01-19,15:20:00,03:30:00,0.0,7.0,2.1,-2.8,3.6,16.1
750,2017-01-20,13:40:00,06:40:00,0.0,8.4,5.7,3.0,4.2,15.3
751,2017-01-21,15:00:00,23:59:00,0.0,11.0,7.2,3.5,2.2,11.7
752,2017-01-22,15:30:00,06:40:00,0.0,9.5,4.6,-0.4,0.6,8.9
753,2017-01-23,15:50:00,02:50:00,0.0,11.4,7.3,3.2,1.1,6.4
754,2017-01-24,16:10:00,08:10:00,0.0,13.0,6.7,0.4,0.8,5.0
755,2017-01-25,15:10:00,00:00:00,0.0,10.5,5.2,-0.2,0.6,5.0
756,2017-01-26,15:10:00,06:00:00,12.5,8.2,4.0,-0.3,0.6,5.3
757,2017-01-27,15:40:00,10:10:00,7.5,7.0,5.1,3.2,0.8,8.9
758,2017-01-28,14:50:00,07:45:00,0.0,10.2,6.4,2.6,1.1,10.8
759,2017-01-29,23:59:00,03:10:00,1.5,9.1,7.0,4.9,0.3,6.4
760,2017-01-30,15:00:00,08:10:00,0.0,11.5,9.8,8.2,0.3,5.8
761,2017-01-31,15:50:00,06:50:00,0.0,13.8,10.8,7.7,0.8,4.7
762,2017-02-01,15:10:00,07:10:00,4.2,10.9,8.1,5.3,0.3,9.2
763,2017-02-02,16:10:00,03:45:00,3.0,12.1,9.7,7.3,1.9,14.7
764,2017-02-03,16:10:00,03:20:00,0.2,12.2,9.4,6.5,3.6,26.1
765,2017-02-04,14:20:00,04:10:00,3.7,14.2,11.6,9.0,5.0,16.9
766,2017-02-05,00:00:00,07:30:00,0.0,10.9,7.6,4.2,5.6,17.2
767,2017-02-06,14:30:00,06:20:00,0.0,15.4,10.8,6.1,3.9,13.9
768,2017-02-07,16:10:00,07:20:00,0.8,13.0,9.5,6.0,1.9,10.8
769,2017-02-08,13:10:00,07:30:00,0.0,9.8,6.3,2.8,1.7,10.6
770,2017-02-09,13:30:00,07:00:00,0.0,9.5,5.2,1.0,0.3,5.6
771,2017-02-10,15:50:00,04:50:00,4.5,5.8,4.0,2.3,0.8,5.3
772,2017-02-11,16:20:00,08:50:00,9.7,7.3,5.6,4.0,2.2,12.2
773,2017-02-12,18:10:00,00:00:00,16.5,12.0,9.1,6.2,3.6,14.2
774,2017-02-13,16:10:00,23:59:00,0.7,12.0,9.0,6.0,3.1,13.1
775,2017-02-14,00:00:00,05:15:00,0.0,11.8,7.8,3.8,0.3,5.0
776,2017-02-15,13:30:00,07:50:00,0.0,14.0,9.6,5.3,1.1,5.8
777,2017-02-16,16:05:00,05:40:00,0.0,11.3,8.8,6.3,0.8,4.4
778,2017-02-17,16:10:00,06:50:00,0.0,14.0,8.6,3.3,0.6,5.3
779,2017-02-18,15:10:00,05:30:00,0.0,13.6,8.8,4.0,0.3,3.3
780,2017-02-19,16:15:00,23:50:00,0.0,13.5,10.1,6.7,1.7,8.6
781,2017-02-20,16:10:00,07:30:00,0.0,13.6,9.2,4.8,1.4,6.1
782,2017-02-21,16:50:00,00:00:00,0.0,16.0,10.4,4.7,1.1,5.8
783,2017-02-22,15:00:00,07:45:00,0.0,18.5,12.8,7.0,2.2,6.9
784,2017-02-23,13:20:00,23:30:00,1.5,15.0,12.4,9.9,0.6,6.7
785,2017-02-24,16:10:00,00:00:00,0.0,16.6,12.3,8.0,0.8,7.8
786,2017-02-25,16:20:00,06:40:00,0.0,17.0,10.2,3.4,1.1,5.6
787,2017-02-26,00:00:00,07:05:00,0.0,14.2,10.3,6.4,1.1,7.2
788,2017-02-27,12:15:00,03:10:00,0.0,13.0,10.1,7.2,2.2,10.8
789,2017-02-28,13:30:00,05:20:00,0.0,12.4,9.6,6.8,3.1,10.8
790,2017-03-01,16:10:00,06:50:00,0.0,16.0,10.6,5.2,1.1,6.9
791,2017-03-02,16:20:00,07:10:00,0.0,16.3,11.0,5.8,0.8,5.0
792,2017-03-03,11:30:00,23:59:00,2.1,12.0,8.0,3.9,2.2,13.9
793,2017-03-04,15:50:00,06:10:00,0.0,9.6,5.3,1.0,1.4,12.5
794,2017-03-05,12:10:00,00:10:00,0.0,12.4,8.6,4.8,1.1,8.3
795,2017-03-06,14:50:00,05:15:00,0.0,18.8,14.1,9.4,1.9,15.3
796,2017-03-07,15:30:00,06:30:00,0.0,19.4,14.2,8.9,1.9,10.6
797,2017-03-08,16:30:00,06:50:00,0.0,21.6,14.7,7.8,1.1,3.3
798,2017-03-09,16:10:00,06:50:00,0.0,24.8,16.8,8.8,0.8,5.0
799,2017-03-10,16:30:00,07:00:00,0.0,26.1,18.0,9.8,0.8,6.1
800,2017-03-11,13:10:00,06:45:00,0.0,22.6,16.1,9.6,0.8,8.3
801,2017-03-12,13:20:00,23:59:00,0.0,19.0,13.1,7.2,3.1,17.8
802,2017-03-13,13:40:00,00:00:00,0.0,15.5,11.4,7.2,5.3,16.4
803,2017-03-14,16:30:00,07:00:00,0.0,19.5,14.8,10.1,2.5,15.8
804,2017-03-15,16:10:00,06:20:00,0.0,20.8,15.2,9.7,1.9,8.3
805,2017-03-16,13:30:00,05:10:00,0.0,20.4,13.7,7.0,2.2,9.7
806,2017-03-17,16:20:00,04:50:00,0.0,20.5,13.8,7.2,1.4,7.2
807,2017-03-18,16:10:00,07:00:00,0.0,21.5,14.4,7.2,1.1,4.7
808,2017-03-19,15:30:00,05:40:00,0.0,23.5,15.6,7.6,1.1,5.0
809,2017-03-20,16:30:00,06:50:00,0.0,24.2,17.6,11.0,1.7,7.2
810,2017-03-21,16:00:00,06:50:00,0.0,16.5,12.6,8.8,2.5,10.8
811,2017-03-22,14:30:00,23:59:00,2.4,12.2,7.6,2.9,2.5,13.9
812,2017-03-23,12:40:00,06:20:00,5.1,5.3,2.6,0.0,0.8,7.2
813,2017-03-24,12:50:00,06:05:00,4.5,9.5,5.4,1.3,0.8,8.3
814,2017-03-25,15:10:00,06:40:00,2.9,9.3,4.4,-0.4,1.4,8.3
815,2017-03-26,16:30:00,04:50:00,2.1,15.3,10.4,5.5,1.7,10.3
816,2017-03-27,16:10:00,06:30:00,0.1,13.8,10.2,6.6,3.1,11.4
817,2017-03-28,15:30:00,04:30:00,0.0,17.9,12.7,7.5,0.8,6.1
818,2017-03-29,15:45:00,05:50:00,0.0,20.3,13.4,6.5,0.8,4.7
819,2017-03-30,16:30:00,05:40:00,0.0,21.1,15.0,9.0,1.7,6.7
820,2017-03-31,14:20:00,06:00:00,0.0,19.7,15.4,11.0,3.3,15.6
821,2017-04-01,13:20:00,05:50:00,0.0,17.3,12.6,8.0,3.3,13.6
822,2017-04-02,14:20:00,06:10:00,0.0,19.0,12.8,6.7,2.2,9.7
823,2017-04-03,15:50:00,06:15:00,0.0,19.3,12.5,5.7,1.1,8.6
824,2017-04-04,15:10:00,06:20:00,0.0,22.0,14.5,7.0,1.4,11.1
825,2017-04-05,15:20:00,06:30:00,0.0,19.0,13.6,8.2,3.1,11.7
826,2017-04-06,14:45:00,05:50:00,0.0,21.5,14.8,8.0,2.2,10.0
827,2017-04-07,14:15:00,00:00:00,0.0,23.0,16.4,9.7,1.4,7.5
828,2017-04-08,16:00:00,06:20:00,0.0,23.2,16.6,10.0,0.8,4.4
829,2017-04-09,14:45:00,06:10:00,0.0,24.0,17.3,10.6,1.7,7.2
830,2017-04-10,13:10:00,06:40:00,0.0,25.3,18.0,10.6,0.6,5.3
831,2017-04-11,14:20:00,06:40:00,0.0,27.7,20.0,12.3,0.8,6.4
832,2017-04-12,13:50:00,06:30:00,0.0,28.2,20.1,12.0,1.4,8.3
833,2017-04-13,13:50:00,06:10:00,0.0,27.4,19.7,12.0,2.2,10.8
834,2017-04-14,13:40:00,05:30:00,0.0,25.4,19.2,13.0,1.7,9.7
835,2017-04-15,15:20:00,06:40:00,0.0,27.0,20.2,13.5,1.7,8.9
836,2017-04-16,13:15:00,05:15:00,0.0,26.0,18.5,11.0,1.9,8.1
837,2017-04-17,14:05:00,05:10:00,0.0,27.6,20.2,12.7,1.7,9.2
838,2017-04-18,14:10:00,05:50:00,0.0,27.5,20.8,14.0,1.9,10.8
839,2017-04-19,14:15:00,00:00:00,2.5,23.5,17.8,12.0,2.8,10.3
840,2017-04-20,14:30:00,00:00:00,0.0,19.5,14.4,9.4,3.1,11.7
841,2017-04-21,15:05:00,06:10:00,0.0,21.7,13.9,6.1,2.2,9.2
842,2017-04-22,15:05:00,06:10:00,0.0,21.7,13.9,6.1,0.8,6.7
843,2017-04-23,15:10:00,05:15:00,0.0,26.0,18.4,10.9,0.8,4.7
844,2017-04-24,14:15:00,00:00:00,1.3,27.0,19.8,12.6,1.1,9.4
845,2017-04-25,13:50:00,23:59:00,0.0,23.2,18.0,12.9,2.5,14.7
846,2017-04-26,13:30:00,23:59:00,0.2,20.5,13.4,6.3,1.7,13.1
847,2017-04-27,15:30:00,06:00:00,0.0,16.1,10.0,3.8,3.6,15.3
848,2017-04-28,15:00:00,06:00:00,3.3,17.8,10.6,3.3,3.3,13.9
849,2017-04-29,17:50:00,06:30:00,4.5,12.4,10.1,7.8,0.6,6.1
850,2017-04-30,16:15:00,23:59:00,0.6,14.4,11.0,7.7,1.7,14.7
851,2017-05-01,14:45:00,05:20:00,0.0,18.6,11.9,5.2,1.1,8.1
852,2017-05-02,13:50:00,03:10:00,0.0,23.7,16.4,9.2,1.7,6.4
853,2017-05-03,14:40:00,05:30:00,0.0,26.7,19.4,12.0,1.1,6.7
854,2017-05-04,15:40:00,05:50:00,0.0,26.0,20.1,14.2,1.4,5.3
855,2017-05-05,12:15:00,23:59:00,0.3,23.0,17.2,11.5,3.6,13.6
856,2017-05-06,13:20:00,06:50:00,0.0,21.6,15.6,9.5,1.7,8.3
857,2017-05-07,14:10:00,05:10:00,0.0,26.4,19.2,12.0,1.7,7.5
858,2017-05-08,14:10:00,06:10:00,0.0,28.8,21.8,14.7,1.4,8.3
859,2017-05-09,13:40:00,05:15:00,0.0,28.6,22.4,16.2,3.3,13.3
860,2017-05-10,13:10:00,21:50:00,15.0,23.0,17.9,12.8,3.1,11.7
861,2017-05-11,16:10:00,06:10:00,3.4,16.1,13.2,10.3,3.3,17.2
862,2017-05-12,13:20:00,01:50:00,2.1,17.8,14.1,10.4,2.2,11.9
863,2017-05-13,14:00:00,00:00:00,0.0,20.4,16.1,11.8,2.8,12.2
864,2017-05-14,14:50:00,04:10:00,0.0,23.2,17.0,10.8,1.4,7.2
865,2017-05-15,14:30:00,05:45:00,0.0,26.5,20.0,13.6,1.4,5.6
866,2017-05-16,14:20:00,04:30:00,0.0,29.8,23.2,16.5,1.4,7.5
867,2017-05-17,14:30:00,04:50:00,6.3,28.3,23.0,17.6,1.4,7.2
868,2017-05-18,14:40:00,23:59:00,0.0,20.2,16.4,12.6,2.2,12.5
869,2017-05-19,14:30:00,06:10:00,0.0,23.0,16.5,10.0,1.7,8.9
870,2017-05-20,15:10:00,04:10:00,0.0,26.7,19.0,11.4,1.1,4.4
871,2017-05-21,14:30:00,05:40:00,0.0,26.7,21.4,16.1,2.8,8.9
872,2017-05-22,13:30:00,06:00:00,0.0,28.8,22.0,15.2,0.3,10.3
873,2017-05-23,13:20:00,05:30:00,0.0,31.8,25.2,18.5,2.2,10.6
874,2017-05-24,14:30:00,04:20:00,0.0,32.0,24.8,17.5,1.4,7.8
875,2017-05-25,00:00:00,00:00:00,0.0,33.0,26.3,19.6,1.4,6.9
876,2017-05-26,15:00:00,04:40:00,0.0,33.7,26.2,18.6,1.9,8.3
877,2017-05-27,14:00:00,05:30:00,0.0,33.0,26.2,19.5,1.9,11.7
878,2017-05-28,13:10:00,05:30:00,0.0,27.3,23.4,19.4,2.2,7.2
879,2017-05-29,14:10:00,07:10:00,0.0,26.3,22.3,18.3,2.2,8.6
880,2017-05-30,11:20:00,05:00:00,0.0,27.0,21.7,16.4,0.8,8.3
881,2017-05-31,00:00:00,00:00:00,0.0,30.5,23.6,16.6,0.0,0.0
882,2017-06-01,14:50:00,05:20:00,0.0,32.1,25.2,18.4,1.7,7.5
883,2017-06-02,13:30:00,05:50:00,0.6,32.3,25.2,18.2,1.7,13.9
884,2017-06-03,12:00:00,05:00:00,0.0,28.6,23.2,17.7,1.4,11.1
885,2017-06-04,11:30:00,23:59:00,0.0,27.5,21.4,15.3,3.3,11.7
886,2017-06-05,15:00:00,04:00:00,0.0,26.6,19.5,12.4,0.6,9.7
887,2017-06-06,14:00:00,05:30:00,0.0,28.6,22.0,15.5,0.8,9.7
888,2017-06-07,14:50:00,05:40:00,0.0,31.8,24.4,16.9,1.1,7.5
889,2017-06-08,14:30:00,05:00:00,0.0,33.8,26.9,20.0,1.9,6.7
890,2017-06-09,13:30:00,05:10:00,0.0,32.8,26.8,20.8,1.4,8.9
891,2017-06-10,14:20:00,05:50:00,0.0,35.1,28.0,20.8,0.8,6.4
892,2017-06-11,13:30:00,06:00:00,0.0,37.2,30.0,22.8,1.4,6.4
893,2017-06-12,13:50:00,06:40:00,0.0,37.0,30.3,23.6,1.9,8.9
894,2017-06-13,14:15:00,04:45:00,0.0,36.2,29.5,22.8,1.4,8.6
895,2017-06-14,14:00:00,04:00:00,0.0,37.2,30.4,23.6,2.2,8.6
896,2017-06-15,16:00:00,06:00:00,0.1,39.0,31.5,24.0,1.9,16.1
897,2017-06-16,14:00:00,04:40:00,0.0,37.6,30.3,23.0,1.4,6.7
898,2017-06-17,13:30:00,05:30:00,0.0,40.0,32.8,25.5,1.4,7.8
899,2017-06-18,14:20:00,05:40:00,0.0,38.6,31.8,25.0,1.1,13.6
900,2017-06-19,16:20:00,22:30:00,0.5,33.5,27.2,21.0,1.4,14.2
901,2017-06-20,16:20:00,05:50:00,,32.8,27.0,21.2,1.9,12.2
902,2017-06-21,14:10:00,03:50:00,0.0,36.3,29.0,21.6,1.1,5.8
903,2017-06-22,14:10:00,00:00:00,0.0,37.0,30.8,24.5,1.7,7.8
904,2017-06-23,15:00:00,05:00:00,0.0,36.2,29.0,21.7,2.2,9.7
905,2017-06-24,14:30:00,05:15:00,0.0,36.3,28.9,21.5,2.8,12.8
906,2017-06-25,13:15:00,23:59:00,3.4,35.3,27.0,18.8,2.5,14.7
907,2017-06-26,15:30:00,05:00:00,0.1,30.7,24.0,17.3,2.8,9.7
908,2017-06-27,14:50:00,05:30:00,0.0,29.0,23.8,18.5,3.6,12.8
909,2017-06-28,15:20:00,06:20:00,0.0,26.0,20.8,15.7,4.7,15.3
910,2017-06-29,14:15:00,05:30:00,0.0,23.7,18.2,12.8,3.3,13.6
911,2017-06-30,13:40:00,05:20:00,0.0,22.6,16.8,10.9,1.7,10.0
912,2017-07-01,14:50:00,05:40:00,0.0,25.0,18.8,12.6,2.2,10.6
913,2017-07-02,14:50:00,05:30:00,0.0,31.6,22.5,13.4,3.1,11.4
914,2017-07-03,13:30:00,05:30:00,0.0,34.0,26.0,18.0,0.8,5.8
915,2017-07-04,14:10:00,06:10:00,0.0,35.5,28.2,21.0,2.5,10.3
916,2017-07-05,14:10:00,05:50:00,3.5,35.5,28.4,21.2,2.2,10.8
917,2017-07-06,00:00:00,18:00:00,25.2,22.2,19.3,16.4,2.2,11.7
918,2017-07-07,11:00:00,20:30:00,19.3,25.3,20.6,15.9,2.2,11.9
919,2017-07-08,12:10:00,05:50:00,1.3,24.9,20.4,15.8,0.0,6.7
920,2017-07-09,14:30:00,05:10:00,0.0,31.5,24.0,16.6,1.9,6.7
921,2017-07-10,14:50:00,05:30:00,0.0,32.2,25.4,18.5,1.9,8.3
922,2017-07-11,14:00:00,05:50:00,0.0,33.7,26.2,18.7,1.7,8.6
923,2017-07-12,14:10:00,00:00:00,0.0,36.8,28.5,20.2,2.2,7.5
924,2017-07-13,14:40:00,04:50:00,0.0,39.7,31.2,22.7,2.2,11.9
925,2017-07-14,14:30:00,07:00:00,0.0,39.6,32.2,24.7,2.8,11.4
926,2017-07-15,00:00:00,06:00:00,0.0,37.5,30.2,23.0,1.1,8.9
927,2017-07-16,14:30:00,06:00:00,0.0,37.2,30.6,24.0,1.1,8.1
928,2017-07-17,14:50:00,06:00:00,0.0,35.1,29.6,24.0,1.7,9.2
929,2017-07-18,15:30:00,05:10:00,0.0,36.0,30.0,23.9,2.5,11.9
930,2017-07-19,13:40:00,06:30:00,0.0,32.6,27.4,22.2,3.6,12.2
931,2017-07-20,00:00:00,00:00:00,0.0,0.0,0.0,0.0,0.8,0.0
932,2017-07-21,14:20:00,05:30:00,0.0,31.8,25.3,18.8,2.2,11.7
933,2017-07-22,14:30:00,05:40:00,0.0,33.0,26.2,19.5,2.2,8.6
934,2017-07-23,14:15:00,05:00:00,0.0,34.2,27.4,20.5,2.5,9.2
935,2017-07-24,13:20:00,06:00:00,0.0,33.2,27.0,20.9,1.9,9.2
936,2017-07-25,15:30:00,00:00:00,0.0,31.3,24.2,17.0,2.2,11.1
937,2017-07-26,15:30:00,05:50:00,0.0,33.3,25.2,17.1,0.8,6.7
938,2017-07-27,14:20:00,06:30:00,0.0,37.5,30.0,22.4,1.9,7.8
939,2017-07-28,14:20:00,06:20:00,0.0,37.9,30.0,22.0,1.9,9.4
940,2017-07-29,14:00:00,06:10:00,0.0,37.7,30.1,22.5,2.5,7.8
941,2017-07-30,14:20:00,05:20:00,0.0,37.0,29.8,22.6,2.5,10.8
942,2017-07-31,13:20:00,05:40:00,0.0,34.6,28.0,21.4,1.9,11.1
943,2017-08-01,14:30:00,06:20:00,0.0,33.0,26.5,20.0,1.7,7.8
944,2017-08-02,00:00:00,00:00:00,0.0,0.0,0.0,0.0,3.1,0.0
945,2017-08-03,14:20:00,03:30:00,0.0,36.7,29.6,22.5,1.4,7.2
946,2017-08-04,15:00:00,05:00:00,0.0,37.5,30.6,23.6,1.1,5.3
947,2017-08-05,14:30:00,05:20:00,0.0,39.2,32.2,25.1,2.2,11.9
948,2017-08-06,13:50:00,06:30:00,0.0,36.5,29.4,22.2,2.5,9.2
949,2017-08-07,13:30:00,05:40:00,0.0,35.6,29.0,22.5,3.6,15.8
950,2017-08-08,13:30:00,05:40:00,0.0,30.2,24.0,17.7,1.9,10.0
951,2017-08-09,14:40:00,23:59:00,0.0,29.8,22.8,15.8,2.2,16.1
952,2017-08-10,14:40:00,06:00:00,0.0,27.0,19.8,12.5,2.2,13.6
953,2017-08-11,13:50:00,06:20:00,0.0,28.5,21.0,13.4,1.1,10.0
954,2017-08-12,14:50:00,05:40:00,0.0,32.4,25.0,17.6,1.4,8.9
955,2017-08-13,14:40:00,05:50:00,0.0,33.5,26.8,20.2,1.7,7.5
956,2017-08-14,13:50:00,06:10:00,0.0,35.0,28.2,21.3,1.7,6.9
957,2017-08-15,13:50:00,06:15:00,0.0,34.6,28.5,22.4,2.8,9.7
958,2017-08-16,14:10:00,05:15:00,0.0,34.6,27.6,20.6,1.1,7.5
959,2017-08-17,14:10:00,05:40:00,0.0,36.0,29.2,22.5,1.4,9.2
960,2017-08-18,14:10:00,07:00:00,0.0,36.6,30.1,23.6,1.9,8.1
961,2017-08-19,14:30:00,06:30:00,0.0,35.3,28.4,21.6,1.1,10.6
962,2017-08-20,14:50:00,06:10:00,0.0,35.7,28.8,22.0,0.8,8.3
963,2017-08-21,14:40:00,00:00:00,0.0,36.0,30.0,24.0,1.1,7.5
964,2017-08-22,14:10:00,06:20:00,0.0,36.6,30.4,24.1,1.7,7.2
965,2017-08-23,13:50:00,04:20:00,0.0,35.9,29.8,23.7,1.9,7.5
966,2017-08-24,14:00:00,05:20:00,0.0,35.5,28.9,22.3,2.5,10.3
967,2017-08-25,13:20:00,05:50:00,0.0,34.4,27.2,20.0,1.7,8.6
968,2017-08-26,13:15:00,06:20:00,0.8,30.8,26.0,21.1,0.8,6.7
969,2017-08-27,16:00:00,00:00:00,0.3,28.0,24.4,20.8,1.9,11.1
970,2017-08-28,00:00:00,18:30:00,24.9,22.4,19.6,16.8,1.1,15.3
971,2017-08-29,14:15:00,05:40:00,0.0,25.6,20.9,16.2,1.1,5.8
972,2017-08-30,14:10:00,06:50:00,0.0,26.5,22.1,17.7,1.9,6.9
973,2017-08-31,14:30:00,05:40:00,0.0,28.0,23.2,18.4,1.1,7.5
974,2017-09-01,14:10:00,06:20:00,0.0,28.0,22.5,17.0,3.1,12.2
975,2017-09-02,15:00:00,06:00:00,0.0,26.5,20.0,13.6,1.4,9.2
976,2017-09-03,13:20:00,05:10:00,0.0,31.2,24.1,17.0,1.9,7.2
977,2017-09-04,14:30:00,06:00:00,0.0,29.0,23.6,18.3,0.8,7.8
978,2017-09-05,13:30:00,05:30:00,0.0,31.0,25.1,19.2,0.8,4.4
979,2017-09-06,13:50:00,07:00:00,0.0,32.5,26.8,21.2,1.1,8.6
980,2017-09-07,13:50:00,06:00:00,0.0,30.0,24.2,18.5,1.7,7.5
981,2017-09-08,14:20:00,06:30:00,0.0,30.6,23.8,17.0,1.1,8.1
982,2017-09-09,13:50:00,23:59:00,0.0,23.5,19.8,16.1,3.3,13.1
983,2017-09-10,15:30:00,06:10:00,0.0,23.5,17.8,12.0,1.4,5.3
984,2017-09-11,13:40:00,06:00:00,0.0,31.0,23.3,15.6,2.8,10.8
985,2017-09-12,13:40:00,00:00:00,0.0,26.5,21.6,16.6,1.4,10.0
986,2017-09-13,13:30:00,06:10:00,0.0,30.7,23.7,16.7,1.1,6.9
987,2017-09-14,13:20:00,23:59:00,0.0,30.3,23.6,16.8,1.7,9.7
988,2017-09-15,14:10:00,06:30:00,0.0,22.8,18.4,14.0,3.1,11.9
989,2017-09-16,14:10:00,06:30:00,0.0,21.2,16.0,10.7,1.7,7.8
990,2017-09-17,13:40:00,00:00:00,0.0,24.0,17.5,11.0,1.4,7.5
991,2017-09-18,12:50:00,04:30:00,0.0,23.0,18.0,13.0,2.8,10.3
992,2017-09-19,14:30:00,05:00:00,0.0,25.5,19.2,13.0,0.6,5.6
993,2017-09-20,13:15:00,06:30:00,0.0,27.2,20.2,13.1,0.8,6.7
994,2017-09-21,13:40:00,05:30:00,0.0,29.0,22.2,15.4,0.8,6.1
995,2017-09-22,13:30:00,00:00:00,0.0,26.5,22.2,18.0,1.9,9.2
996,2017-09-23,14:30:00,06:30:00,0.0,26.8,21.2,15.7,1.1,6.7
997,2017-09-24,13:40:00,06:05:00,0.0,29.0,22.8,16.6,1.4,8.3
998,2017-09-25,13:30:00,06:00:00,0.0,27.8,21.6,15.5,1.7,11.1
999,2017-09-26,13:20:00,06:40:00,0.0,25.1,19.8,14.5,1.7,8.1
1000,2017-09-27,00:00:00,00:00:00,0.0,25.0,20.0,15.0,1.7,6.1
1001,2017-09-28,13:20:00,05:40:00,0.0,27.5,21.2,15.0,0.6,4.2
1002,2017-09-29,13:40:00,07:00:00,0.0,27.6,22.3,17.0,1.1,5.6
1003,2017-09-30,15:30:00,06:20:00,0.0,27.4,22.2,17.0,1.1,8.9
1004,2017-10-01,15:40:00,07:00:00,0.0,26.0,21.7,17.4,0.8,6.7
1005,2017-10-02,00:00:00,06:30:00,0.0,27.5,21.8,16.2,1.1,5.0
1006,2017-10-03,13:20:00,06:20:00,0.0,29.4,23.4,17.5,0.8,8.3
1007,2017-10-04,00:00:00,07:00:00,0.0,28.2,23.0,17.8,1.1,6.9
1008,2017-10-05,00:00:00,16:30:00,0.0,29.0,23.2,17.4,0.8,6.9
1009,2017-10-06,13:20:00,06:30:00,0.0,29.0,23.0,17.0,1.9,11.7
1010,2017-10-07,13:40:00,06:10:00,0.0,25.5,19.4,13.3,1.4,8.1
1011,2017-10-08,15:30:00,06:20:00,0.0,25.5,19.7,13.9,0.6,5.0
1012,2017-10-09,13:10:00,05:00:00,0.0,26.8,20.2,13.6,1.4,5.8
1013,2017-10-10,13:30:00,07:10:00,0.0,26.6,20.0,13.4,1.1,7.5
1014,2017-10-11,15:20:00,06:10:00,0.0,26.6,19.8,12.9,1.1,5.8
1015,2017-10-12,00:00:00,07:00:00,0.0,27.0,20.3,13.6,0.6,5.3
1016,2017-10-13,13:10:00,04:10:00,0.0,28.0,21.8,15.7,1.1,6.7
1017,2017-10-14,14:50:00,05:40:00,0.0,26.5,20.5,14.5,1.1,4.7
1018,2017-10-15,15:20:00,06:40:00,0.0,27.1,22.0,16.8,1.1,7.2
1019,2017-10-16,16:00:00,06:30:00,0.0,24.5,20.1,15.7,0.8,5.3
1020,2017-10-17,13:00:00,06:30:00,20.1,20.3,17.3,14.3,1.4,7.8
1021,2017-10-18,00:00:00,23:59:00,4.6,14.9,12.2,9.6,1.1,10.6
1022,2017-10-19,15:10:00,00:00:00,0.0,16.9,12.8,8.6,1.4,6.4
1023,2017-10-20,13:30:00,06:30:00,0.0,19.8,15.1,10.4,0.8,6.1
1024,2017-10-21,13:20:00,23:59:00,0.0,21.8,17.0,12.3,1.1,6.7
1025,2017-10-22,13:10:00,07:00:00,0.0,17.9,14.4,10.8,0.8,6.4
1026,2017-10-23,15:40:00,06:30:00,0.0,20.5,14.8,9.0,0.6,6.1
1027,2017-10-24,13:00:00,06:40:00,0.0,23.3,17.6,11.8,0.6,5.8
1028,2017-10-25,15:10:00,06:20:00,0.0,23.4,17.4,11.5,0.3,4.7
1029,2017-10-26,13:45:00,06:10:00,0.0,24.5,18.8,13.1,0.8,4.7
1030,2017-10-27,13:10:00,02:15:00,0.0,26.9,20.7,14.5,3.3,11.1
1031,2017-10-28,00:00:00,06:10:00,0.0,22.0,17.0,12.0,1.4,6.7
1032,2017-10-29,15:10:00,07:10:00,0.0,21.5,15.8,10.0,0.8,8.3
1033,2017-10-30,13:15:00,06:50:00,0.0,19.2,14.4,9.7,1.4,8.3
1034,2017-10-31,15:30:00,05:40:00,0.0,18.3,14.1,9.9,1.1,8.3
1035,2017-11-01,16:00:00,07:30:00,0.0,18.0,14.4,10.7,1.1,4.4
1036,2017-11-02,14:00:00,06:50:00,0.6,19.2,15.8,12.5,0.8,5.0
1037,2017-11-03,13:10:00,06:20:00,3.7,18.6,15.2,11.8,0.8,6.1
1038,2017-11-04,14:30:00,00:00:00,0.2,14.6,12.8,11.0,0.8,6.1
1039,2017-11-05,12:20:00,21:10:00,0.0,14.9,12.0,9.0,1.7,7.5
1040,2017-11-06,00:00:00,04:50:00,0.0,14.0,9.9,5.8,1.4,8.6
1041,2017-11-07,14:40:00,06:10:00,0.0,14.8,9.4,4.0,0.6,5.6
1042,2017-11-08,13:10:00,23:59:00,0.0,14.3,10.2,6.2,0.8,11.4
1043,2017-11-09,14:30:00,06:50:00,0.0,11.4,7.4,3.3,1.9,11.7
1044,2017-11-10,14:30:00,05:45:00,0.0,16.0,9.8,3.6,2.5,11.1
1045,2017-11-11,15:10:00,07:30:00,0.0,16.7,11.2,5.7,0.3,4.2
1046,2017-11-12,15:20:00,05:10:00,0.0,16.3,10.8,5.2,0.6,4.7
1047,2017-11-13,11:10:00,23:59:00,0.0,13.3,9.6,5.8,2.8,11.7
1048,2017-11-14,15:10:00,06:30:00,0.0,13.5,8.0,2.6,0.6,6.9
1049,2017-11-15,14:15:00,07:10:00,0.0,13.6,9.1,4.6,0.6,3.6
1050,2017-11-16,15:30:00,07:00:00,0.0,17.0,10.2,3.4,0.6,2.5
1051,2017-11-17,14:00:00,07:30:00,0.0,16.5,11.0,5.5,0.6,3.1
1052,2017-11-18,00:00:00,05:30:00,0.0,17.5,12.4,7.2,0.8,5.8
1053,2017-11-19,12:45:00,06:30:00,0.0,15.6,10.3,5.0,0.3,5.0
1054,2017-11-20,15:20:00,07:30:00,0.0,15.6,10.0,4.5,0.3,4.2
1055,2017-11-21,14:30:00,06:40:00,0.0,15.0,9.6,4.2,0.3,2.8
1056,2017-11-22,14:20:00,05:50:00,0.0,14.5,9.8,5.0,0.3,3.9
1057,2017-11-23,14:40:00,07:20:00,0.1,15.7,11.4,7.0,0.6,4.4
1058,2017-11-24,13:20:00,04:10:00,0.0,16.1,13.0,10.0,0.8,6.4
1059,2017-11-25,12:00:00,03:15:00,0.0,16.5,12.2,7.8,1.7,9.4
1060,2017-11-26,15:50:00,07:40:00,0.0,11.4,7.6,3.8,1.1,8.1
1061,2017-11-27,14:50:00,06:50:00,0.0,9.9,5.6,1.4,0.3,4.2
1062,2017-11-28,14:30:00,05:50:00,4.4,8.4,5.7,3.0,0.0,2.8
1063,2017-11-29,13:20:00,05:40:00,0.0,11.4,7.8,4.2,2.2,12.2
1064,2017-11-30,00:00:00,06:30:00,0.0,8.6,5.0,1.5,1.9,8.6
1065,2017-12-01,12:00:00,00:20:00,0.0,9.1,5.2,1.4,2.8,13.6
1066,2017-12-02,16:30:00,05:00:00,0.0,6.5,3.0,-0.5,1.1,11.4
1067,2017-12-03,13:30:00,00:00:00,0.0,8.5,4.2,0.0,0.6,7.5
1068,2017-12-04,15:30:00,06:50:00,0.0,9.8,4.9,0.0,0.3,5.0
1069,2017-12-05,14:50:00,06:40:00,0.0,10.2,5.4,0.5,0.0,4.7
1070,2017-12-06,14:30:00,07:10:00,0.0,9.0,4.1,-0.8,0.3,2.8
1071,2017-12-07,15:30:00,07:50:00,0.0,9.5,5.0,0.6,0.3,2.8
1072,2017-12-08,14:40:00,07:40:00,0.0,11.2,6.8,2.5,0.0,1.9
1073,2017-12-09,14:30:00,06:50:00,0.0,13.2,9.0,4.7,0.3,6.4
1074,2017-12-10,01:10:00,04:10:00,11.9,11.5,10.1,8.7,4.2,14.4
1075,2017-12-11,00:00:00,23:59:00,0.0,10.2,7.2,4.3,3.1,15.3
1076,2017-12-12,14:40:00,06:10:00,0.0,8.7,4.6,0.5,0.6,7.8
1077,2017-12-13,14:10:00,07:10:00,0.0,8.6,4.2,-0.3,0.6,6.7
1078,2017-12-14,00:00:00,01:50:00,0.0,10.6,7.2,3.8,1.4,10.0
1079,2017-12-15,13:40:00,23:59:00,0.0,12.5,8.4,4.2,1.9,12.8
1080,2017-12-16,13:30:00,04:20:00,0.0,9.7,5.8,2.0,2.2,10.3
1081,2017-12-17,14:50:00,08:10:00,0.0,9.7,5.6,1.5,1.7,8.3
1082,2017-12-18,14:40:00,06:10:00,0.0,10.4,5.4,0.4,0.0,3.6
1083,2017-12-19,11:30:00,23:59:00,0.0,11.6,8.0,4.3,0.8,8.6
1084,2017-12-20,15:00:00,05:50:00,0.0,11.7,6.8,1.8,1.1,5.8
1085,2017-12-21,16:00:00,08:00:00,0.0,11.5,7.2,3.0,1.1,6.1
1086,2017-12-22,15:10:00,06:40:00,0.0,12.7,7.5,2.3,1.1,5.6
1087,2017-12-23,16:30:00,04:50:00,0.0,12.7,7.6,2.5,2.8,8.3
1088,2017-12-24,15:00:00,23:30:00,0.0,10.5,7.5,4.5,1.7,4.4
1089,2017-12-25,18:00:00,06:20:00,1.9,5.6,4.0,2.4,1.1,3.9
1090,2017-12-26,13:10:00,07:30:00,2.8,7.2,5.3,3.4,2.8,12.8
1091,2017-12-27,14:50:00,05:20:00,0.0,10.6,8.1,5.6,5.0,12.8
1092,2017-12-28,17:00:00,05:00:00,0.0,14.5,10.2,6.0,2.5,11.1
1093,2017-12-29,14:45:00,07:30:00,0.0,16.0,11.8,7.5,3.1,10.8
1094,2017-12-30,15:00:00,23:59:00,0.0,15.5,11.2,6.8,1.9,6.9
1095,2017-12-31,15:00:00,22:10:00,0.8,11.6,9.2,6.7,2.8,13.9
1096,2018-01-01,13:50:00,08:00:00,0.0,11.6,7.6,3.6,3.1,10.0
1097,2018-01-02,13:30:00,04:10:00,0.0,13.4,10.4,7.5,2.5,11.4
1098,2018-01-03,14:10:00,02:15:00,0.0,13.5,10.6,7.6,1.7,8.6
1099,2018-01-04,13:20:00,00:00:00,0.0,13.7,10.8,7.8,2.2,7.8
1100,2018-01-05,13:50:00,23:59:00,14.1,11.5,8.6,5.8,3.1,11.7
1101,2018-01-06,00:00:00,23:59:00,20.6,6.1,4.0,2.0,2.5,10.8
1102,2018-01-07,13:40:00,23:59:00,3.1,5.0,3.3,1.6,2.8,7.5
1103,2018-01-08,13:50:00,23:50:00,0.0,7.0,3.8,0.7,1.4,7.2
1104,2018-01-09,15:15:00,05:20:00,2.3,4.7,1.6,-1.4,1.4,4.7
1105,2018-01-10,16:00:00,00:30:00,0.8,7.0,5.1,3.2,2.2,9.4
1106,2018-01-11,14:40:00,08:10:00,0.0,8.8,5.8,2.9,3.3,12.8
1107,2018-01-12,16:10:00,07:40:00,0.0,7.9,3.8,-0.3,1.7,6.4
1108,2018-01-13,12:10:00,04:20:00,6.0,5.6,4.0,2.4,1.1,7.2
1109,2018-01-14,14:50:00,02:20:00,0.0,6.7,4.6,2.5,1.7,6.1
1110,2018-01-15,15:00:00,07:30:00,0.0,8.5,4.2,0.0,1.1,6.4
1111,2018-01-16,16:30:00,07:30:00,0.0,12.5,7.2,2.0,1.1,6.4
1112,2018-01-17,14:40:00,08:30:00,0.0,13.2,9.0,4.8,2.2,8.6
1113,2018-01-18,16:10:00,08:00:00,0.0,12.8,7.8,2.7,1.4,5.3
1114,2018-01-19,15:30:00,07:30:00,0.0,14.8,8.9,3.0,1.4,5.3
1115,2018-01-20,15:40:00,07:30:00,0.0,12.0,7.9,3.8,1.9,7.8
1116,2018-01-21,15:30:00,07:10:00,0.0,16.2,11.0,5.8,1.1,8.3
1117,2018-01-22,15:50:00,07:40:00,0.0,14.1,9.7,5.3,0.6,5.8
1118,2018-01-23,15:30:00,07:15:00,0.0,15.7,10.0,4.2,0.8,6.1
1119,2018-01-24,16:00:00,07:45:00,0.0,13.5,9.1,4.7,1.4,5.0
1120,2018-01-25,11:50:00,06:10:00,3.5,8.9,6.8,4.6,1.9,12.8
1121,2018-01-26,16:10:00,08:00:00,0.0,9.2,5.9,2.6,3.9,13.9
1122,2018-01-27,15:00:00,07:10:00,0.0,10.0,6.9,3.8,3.3,12.5
1123,2018-01-28,14:15:00,02:10:00,0.0,13.4,8.4,3.5,4.7,15.0
1124,2018-01-29,15:10:00,08:00:00,0.0,13.1,9.2,5.2,1.9,6.7
1125,2018-01-30,16:30:00,05:30:00,0.0,12.5,8.2,4.0,1.4,5.6
1126,2018-01-31,13:50:00,08:20:00,0.0,12.6,7.6,2.5,1.1,4.2
1127,2018-02-01,13:40:00,07:40:00,0.1,10.8,6.6,2.3,2.8,13.3
1128,2018-02-02,13:20:00,23:59:00,0.0,7.7,4.4,1.2,3.6,13.3
1129,2018-02-03,14:30:00,02:30:00,2.3,10.3,5.2,0.2,3.1,11.1
1130,2018-02-04,00:00:00,13:00:00,17.3,5.8,3.6,1.5,3.6,10.8
1131,2018-02-05,06:00:00,11:40:00,14.1,2.8,1.8,0.8,3.9,9.4
1132,2018-02-06,13:30:00,23:59:00,0.0,7.0,4.1,1.2,3.1,12.5
1133,2018-02-07,00:00:00,06:30:00,0.0,7.5,3.0,-1.6,2.8,9.2
1134,2018-02-08,13:30:00,00:00:00,0.0,7.0,3.0,-1.0,2.8,8.3
1135,2018-02-09,16:30:00,07:00:00,0.0,8.5,3.3,-1.9,1.1,10.0
1136,2018-02-10,13:10:00,08:00:00,0.0,9.1,5.7,2.3,2.2,10.8
1137,2018-02-11,13:20:00,07:50:00,0.1,14.3,7.5,0.7,3.1,11.7
1138,2018-02-12,00:00:00,23:30:00,0.0,11.1,6.8,2.5,1.7,9.7
1139,2018-02-13,13:15:00,07:10:00,0.0,10.2,4.7,-0.8,3.6,13.6
1140,2018-02-14,15:30:00,00:00:00,0.0,10.5,8.2,5.8,3.1,11.4
1141,2018-02-15,16:10:00,04:10:00,0.0,10.9,8.4,6.0,1.4,7.2
1142,2018-02-16,16:10:00,08:10:00,0.0,14.6,10.7,6.8,1.7,5.0
1143,2018-02-17,13:30:00,00:00:00,0.0,14.7,10.7,6.7,1.4,10.6
1144,2018-02-18,16:20:00,06:30:00,0.0,13.4,8.0,2.6,2.8,8.3
1145,2018-02-19,13:30:00,07:30:00,0.0,15.0,10.8,6.5,2.2,10.0
1146,2018-02-20,13:30:00,05:10:00,0.0,14.5,10.9,7.3,3.6,12.8
1147,2018-02-21,13:50:00,23:59:00,0.0,12.0,7.6,3.2,4.2,13.9
1148,2018-02-22,13:30:00,06:30:00,0.0,11.3,5.4,-0.5,2.8,10.3
1149,2018-02-23,16:40:00,07:30:00,0.0,9.9,4.3,-1.3,1.4,11.1
1150,2018-02-24,16:30:00,00:00:00,0.0,11.0,5.4,-0.3,1.4,5.8
1151,2018-02-25,16:15:00,07:30:00,0.0,13.5,6.8,0.0,1.4,5.6
1152,2018-02-26,15:50:00,07:15:00,0.0,16.0,8.8,1.7,1.1,10.3
1153,2018-02-27,00:00:00,11:50:00,19.9,5.6,3.6,1.5,1.7,11.1
1154,2018-02-28,15:30:00,01:40:00,19.2,12.0,7.8,3.6,1.9,14.2
1155,2018-03-01,14:30:00,23:59:00,17.3,11.5,8.4,5.4,4.2,23.3
1156,2018-03-02,23:50:00,03:30:00,15.3,8.5,6.4,4.2,1.9,13.1
1157,2018-03-03,12:50:00,03:40:00,13.8,13.4,9.4,5.3,3.6,13.6
1158,2018-03-04,13:20:00,00:00:00,4.9,13.0,9.2,5.4,2.5,10.6
1159,2018-03-05,16:30:00,06:30:00,2.1,8.9,7.4,5.8,3.6,10.6
1160,2018-03-06,16:20:00,00:00:00,1.0,10.7,7.4,4.2,3.1,11.9
1161,2018-03-07,13:50:00,05:10:00,2.6,11.0,6.8,2.5,2.2,8.3
1162,2018-03-08,15:50:00,05:40:00,1.0,10.9,7.7,4.5,1.7,5.8
1163,2018-03-09,12:15:00,06:40:00,11.9,11.6,10.5,9.4,3.1,11.1
1164,2018-03-10,07:20:00,23:59:00,23.7,11.9,9.7,7.5,2.8,11.9
1165,2018-03-11,12:50:00,07:30:00,1.1,10.5,8.2,6.0,5.0,17.5
1166,2018-03-12,15:10:00,06:50:00,1.5,13.2,9.8,6.5,3.9,13.3
1167,2018-03-13,13:10:00,04:10:00,0.3,14.0,10.3,6.6,2.2,9.2
1168,2018-03-14,16:20:00,22:40:00,22.9,13.1,9.8,6.6,3.1,13.1
1169,2018-03-15,14:40:00,00:00:00,0.1,11.6,8.9,6.2,5.0,13.6
1170,2018-03-16,13:30:00,06:30:00,3.2,11.7,8.2,4.6,3.3,10.8
1171,2018-03-17,14:00:00,11:00:00,7.3,9.5,6.2,3.0,2.8,11.1
1172,2018-03-18,13:20:00,06:30:00,0.0,12.8,8.4,4.0,3.3,10.3
1173,2018-03-19,15:45:00,23:59:00,4.2,9.6,6.7,3.8,3.3,15.6
1174,2018-03-20,15:30:00,07:00:00,,10.0,6.3,2.6,5.3,15.8
1175,2018-03-21,14:10:00,02:00:00,0.0,12.2,7.3,2.4,4.2,13.6
1176,2018-03-22,16:20:00,06:30:00,0.0,13.5,6.6,-0.3,2.2,6.4
1177,2018-03-23,12:50:00,00:00:00,3.5,14.2,9.4,4.5,3.1,15.6
1178,2018-03-24,16:10:00,04:50:00,0.0,11.3,7.6,4.0,6.1,20.3
1179,2018-03-25,13:30:00,06:20:00,0.0,13.9,9.6,5.2,2.5,8.9
1180,2018-03-26,14:00:00,06:30:00,0.0,15.5,9.6,3.6,1.9,6.1
1181,2018-03-27,14:30:00,01:30:00,0.0,20.6,14.6,8.5,1.9,9.7
1182,2018-03-28,14:20:00,06:30:00,0.0,20.8,15.0,9.2,3.3,12.2
1183,2018-03-29,14:40:00,23:59:00,0.8,15.8,12.2,8.5,4.2,14.7
1184,2018-03-30,15:30:00,23:59:00,2.2,11.7,7.8,4.0,4.2,17.5
1185,2018-03-31,14:20:00,04:30:00,0.0,14.5,8.8,3.2,2.8,12.2
1186,2018-04-01,15:10:00,06:10:00,0.0,17.5,11.4,5.4,1.4,7.5
1187,2018-04-02,14:30:00,07:00:00,5.3,19.4,14.4,9.4,3.3,11.7
1188,2018-04-03,14:40:00,23:50:00,0.0,16.2,12.3,8.4,4.4,15.3
1189,2018-04-04,15:50:00,03:10:00,0.0,16.0,11.7,7.4,4.7,15.3
1190,2018-04-05,14:40:00,06:10:00,0.0,18.6,12.3,6.0,1.1,5.8
1191,2018-04-06,15:30:00,07:00:00,7.4,17.5,13.6,9.8,0.8,10.0
1192,2018-04-07,00:20:00,23:59:00,4.1,11.4,9.4,7.4,0.0,0.0
1193,2018-04-08,14:30:00,00:00:00,2.5,15.5,10.4,5.2,0.0,0.0
1194,2018-04-09,00:00:00,04:50:00,2.7,9.0,6.8,4.7,0.0,0.0
1195,2018-04-10,01:50:00,18:50:00,17.6,7.6,5.4,3.1,0.0,0.0
1196,2018-04-11,00:00:00,03:00:00,0.0,11.0,7.0,3.1,0.0,0.0
1197,2018-04-12,12:00:00,06:40:00,7.4,11.4,8.4,5.3,0.0,0.0
1198,2018-04-13,14:20:00,04:10:00,4.8,14.3,9.8,5.2,0.0,0.0
1199,2018-04-14,16:00:00,00:00:00,0.2,16.5,10.8,5.2,0.0,0.0
1200,2018-04-15,12:40:00,23:59:00,14.3,18.0,13.3,8.6,0.0,0.0
1201,2018-04-16,15:50:00,03:00:00,0.0,17.6,12.3,7.0,0.0,0.0
1202,2018-04-17,00:00:00,04:20:00,0.0,21.6,14.6,7.6,0.0,0.0
1203,2018-04-18,16:15:00,05:50:00,0.0,24.7,18.4,12.2,1.9,0.0
1204,2018-04-19,14:50:00,04:30:00,0.0,24.0,18.1,12.2,2.8,9.2
1205,2018-04-20,14:40:00,05:30:00,0.0,22.5,17.4,12.3,3.3,12.2
1206,2018-04-21,15:30:00,06:50:00,0.0,19.8,15.7,11.6,2.5,9.2
1207,2018-04-22,14:10:00,02:20:00,,22.9,18.0,13.0,1.9,7.8
1208,2018-04-23,15:40:00,07:00:00,0.0,24.3,19.4,14.4,2.5,9.2
1209,2018-04-24,15:20:00,05:30:00,0.0,26.4,20.5,14.6,1.4,7.8
1210,2018-04-25,00:00:00,04:50:00,0.0,28.5,20.8,13.1,2.2,10.8
1211,2018-04-26,14:20:00,05:30:00,0.0,26.5,20.2,14.0,2.5,8.3
1212,2018-04-27,13:50:00,05:50:00,0.0,24.4,19.4,14.3,2.5,10.3
1213,2018-04-28,13:30:00,23:59:00,6.2,18.7,14.4,10.2,3.6,11.9
1214,2018-04-29,14:10:00,06:30:00,3.8,12.6,8.3,4.0,4.4,14.4
1215,2018-04-30,11:50:00,06:00:00,2.5,12.5,8.2,4.0,0.8,7.8
1216,2018-05-01,15:50:00,05:00:00,0.0,15.9,10.7,5.5,0.8,6.7
1217,2018-05-02,13:30:00,05:30:00,0.0,17.8,12.1,6.4,1.4,8.3
1218,2018-05-03,14:30:00,04:20:00,0.0,19.4,14.4,9.3,1.9,11.4
1219,2018-05-04,16:00:00,05:30:00,0.0,20.5,14.0,7.5,2.2,11.1
1220,2018-05-05,14:40:00,05:50:00,,24.3,17.1,9.9,1.7,13.3
1221,2018-05-06,14:50:00,04:50:00,1.5,24.0,18.4,12.8,1.7,12.8
1222,2018-05-07,15:15:00,00:00:00,13.5,22.7,17.6,12.4,1.4,16.7
1223,2018-05-08,13:40:00,05:30:00,0.2,25.2,18.8,12.5,1.1,7.8
1224,2018-05-09,13:50:00,05:30:00,0.0,25.0,19.1,13.2,1.9,7.8
1225,2018-05-10,14:10:00,06:20:00,0.0,23.9,18.7,13.5,2.5,10.3
1226,2018-05-11,14:50:00,06:00:00,0.0,25.1,19.2,13.3,2.2,8.6
1227,2018-05-12,12:40:00,23:50:00,0.0,20.2,15.4,10.5,3.1,11.1
1228,2018-05-13,16:30:00,05:20:00,0.0,17.5,11.8,6.0,2.5,10.3
1229,2018-05-14,15:10:00,05:50:00,0.0,19.4,14.9,10.4,1.7,10.0
1230,2018-05-15,15:40:00,04:40:00,0.0,23.5,15.8,8.0,1.9,12.2
1231,2018-05-16,14:30:00,05:20:00,0.0,25.0,18.4,11.8,2.2,11.4
1232,2018-05-17,14:40:00,04:30:00,,25.3,20.0,14.8,1.1,9.4
1233,2018-05-18,12:10:00,00:00:00,0.7,23.2,18.7,14.2,0.8,9.7
1234,2018-05-19,12:50:00,04:30:00,0.1,25.4,19.5,13.6,0.6,11.1
1235,2018-05-20,15:20:00,04:40:00,0.0,22.5,17.9,13.3,1.1,12.8
1236,2018-05-21,14:50:00,04:10:00,5.6,24.3,19.0,13.6,0.8,9.4
1237,2018-05-22,12:30:00,04:50:00,0.1,24.6,18.6,12.6,0.0,6.1
1238,2018-05-23,15:40:00,05:10:00,0.3,26.3,20.8,15.3,1.4,15.3
1239,2018-05-24,16:10:00,05:15:00,28.9,27.7,21.7,15.7,0.0,0.0
1240,2018-05-25,16:30:00,08:40:00,8.9,19.5,15.8,12.0,0.0,0.0
1241,2018-05-26,14:00:00,01:50:00,0.0,22.0,16.9,11.8,0.0,0.0
1242,2018-05-27,14:00:00,03:50:00,3.6,25.5,19.3,13.1,0.0,0.0
1243,2018-05-28,14:30:00,23:59:00,13.8,17.8,15.5,13.2,0.0,0.0
1244,2018-05-29,11:10:00,00:00:00,1.0,19.9,16.2,12.6,0.0,0.0
1245,2018-05-30,18:00:00,05:15:00,0.2,18.6,14.8,11.0,0.0,0.0
1246,2018-05-31,14:00:00,05:30:00,0.0,23.1,17.8,12.5,0.0,0.0
1247,2018-06-01,13:10:00,05:10:00,2.3,23.8,18.7,13.6,0.0,0.0
1248,2018-06-02,14:30:00,23:59:00,3.9,23.5,18.2,12.8,1.9,11.7
1249,2018-06-03,13:50:00,04:40:00,0.0,23.8,17.8,11.7,2.2,10.8
1250,2018-06-04,14:40:00,05:40:00,0.0,20.0,16.2,12.4,3.1,10.0
1251,2018-06-05,13:20:00,04:20:00,2.4,19.8,15.9,12.0,1.7,8.3
1252,2018-06-06,16:30:00,06:10:00,3.5,19.6,15.0,10.5,1.7,8.6
1253,2018-06-07,13:30:00,04:40:00,2.8,23.4,17.7,12.0,2.5,8.9
1254,2018-06-08,00:00:00,00:00:00,2.8,18.6,15.4,12.2,2.2,8.9
1255,2018-06-09,12:00:00,05:10:00,0.5,20.7,16.2,11.7,1.9,10.0
1256,2018-06-10,16:30:00,03:40:00,0.0,19.4,15.3,11.2,1.9,8.6
1257,2018-06-11,15:50:00,05:20:00,,21.0,16.8,12.5,2.5,8.3
1258,2018-06-12,13:30:00,05:10:00,0.0,24.3,18.6,13.0,1.9,8.1
1259,2018-06-13,13:30:00,05:00:00,0.0,25.5,19.6,13.7,2.5,8.9
1260,2018-06-14,14:40:00,05:30:00,0.0,27.0,19.8,12.7,1.7,8.3
1261,2018-06-15,14:10:00,05:20:00,0.0,30.7,23.0,15.3,1.4,9.4
1262,2018-06-16,15:00:00,04:30:00,0.0,31.1,24.6,18.0,1.9,8.9
1263,2018-06-17,14:45:00,04:50:00,0.0,32.3,25.1,17.9,3.1,10.0
1264,2018-06-18,15:20:00,05:00:00,0.0,32.1,24.8,17.6,2.5,10.3
1265,2018-06-19,14:20:00,04:40:00,0.0,32.5,24.9,17.3,1.7,10.3
1266,2018-06-20,14:30:00,05:20:00,0.0,33.0,26.6,20.2,1.7,8.9
1267,2018-06-21,14:00:00,05:10:00,0.0,33.3,26.9,20.5,1.7,6.9
1268,2018-06-22,14:40:00,04:50:00,0.0,33.8,27.7,21.6,1.7,8.3
1269,2018-06-23,14:50:00,06:00:00,0.0,35.5,28.5,21.5,1.1,8.6
1270,2018-06-24,15:10:00,05:50:00,0.0,36.6,29.3,22.0,1.1,7.8
1271,2018-06-25,15:00:00,06:15:00,0.0,36.2,29.6,22.9,1.7,8.3
1272,2018-06-26,14:40:00,06:00:00,0.0,35.0,29.0,23.0,1.9,8.1
1273,2018-06-27,14:10:00,05:00:00,0.0,31.9,26.9,21.9,2.2,9.7
1274,2018-06-28,11:30:00,06:20:00,0.1,31.0,26.0,20.9,2.2,7.8
1275,2018-06-29,15:40:00,05:40:00,0.0,31.6,26.0,20.5,1.7,9.7
1276,2018-06-30,14:30:00,07:00:00,0.7,28.7,24.4,20.2,2.8,9.7
1277,2018-07-01,14:30:00,06:10:00,0.0,28.0,23.3,18.6,2.8,10.3
1278,2018-07-02,14:40:00,05:30:00,0.0,27.5,22.0,16.5,2.5,8.9
1279,2018-07-03,16:10:00,05:40:00,0.0,30.7,23.4,16.2,1.1,7.5
1280,2018-07-04,00:00:00,05:45:00,0.0,27.5,23.0,18.5,2.5,12.5
1281,2018-07-05,17:30:00,05:30:00,0.0,28.0,22.5,17.0,0.8,6.9
1282,2018-07-06,13:40:00,05:30:00,0.0,31.7,25.1,18.5,1.9,10.3
1283,2018-07-07,14:20:00,05:00:00,0.0,33.6,27.5,21.4,1.9,9.7
1284,2018-07-08,13:45:00,05:10:00,0.0,34.6,28.2,21.7,1.9,11.7
1285,2018-07-09,13:50:00,05:30:00,0.0,34.5,28.2,21.8,1.7,10.8
1286,2018-07-10,13:50:00,06:00:00,0.0,35.2,28.4,21.5,2.2,11.1
1287,2018-07-11,14:10:00,06:10:00,0.0,33.2,27.3,21.4,2.8,10.8
1288,2018-07-12,15:00:00,06:30:00,0.0,32.7,26.8,21.0,1.4,9.7
1289,2018-07-13,14:40:00,05:40:00,0.0,33.5,27.6,21.7,2.5,8.9
1290,2018-07-14,14:40:00,05:10:00,0.0,33.2,26.8,20.3,1.7,9.4
1291,2018-07-15,14:10:00,05:30:00,0.0,29.6,24.3,19.0,2.2,11.9
1292,2018-07-16,13:30:00,05:40:00,0.0,30.2,23.7,17.2,1.4,8.6
1293,2018-07-17,13:50:00,05:15:00,0.0,33.5,26.4,19.2,1.7,8.6
1294,2018-07-18,14:00:00,05:40:00,0.0,32.9,27.1,21.3,1.9,11.1
1295,2018-07-19,14:00:00,06:05:00,0.0,32.9,26.2,19.4,1.9,10.3
1296,2018-07-20,13:40:00,05:30:00,0.0,32.0,25.4,18.7,1.1,9.7
1297,2018-07-21,13:50:00,05:10:00,0.0,30.5,24.0,17.4,2.2,10.3
1298,2018-07-22,14:30:00,06:00:00,0.0,31.7,24.9,18.1,0.8,8.1
1299,2018-07-23,14:50:00,05:20:00,0.0,34.7,27.6,20.5,1.9,8.3
1300,2018-07-24,13:50:00,05:00:00,0.0,33.0,26.4,19.8,1.9,8.6
1301,2018-07-25,14:10:00,06:30:00,0.0,34.6,27.2,19.9,1.1,7.8
1302,2018-07-26,14:20:00,05:50:00,0.0,34.5,27.2,19.8,1.7,8.9
1303,2018-07-27,14:40:00,00:00:00,0.0,34.5,26.8,19.0,2.2,10.8
1304,2018-07-28,14:00:00,05:10:00,0.0,33.2,25.9,18.6,2.2,10.8
1305,2018-07-29,14:10:00,16:30:00,0.0,32.6,26.2,19.8,1.7,7.5
1306,2018-07-30,14:40:00,05:30:00,0.0,34.1,26.8,19.4,1.4,6.9
1307,2018-07-31,14:10:00,04:50:00,0.0,35.3,28.2,21.1,1.1,6.4
1308,2018-08-01,13:50:00,05:45:00,0.0,37.0,30.2,23.3,0.6,6.4
1309,2018-08-02,14:10:00,06:10:00,0.0,38.5,31.6,24.6,1.1,7.5
1310,2018-08-03,14:20:00,06:50:00,0.0,39.9,32.9,25.9,1.7,10.8
1311,2018-08-04,14:15:00,07:00:00,0.0,38.6,31.0,23.4,0.0,0.0
1312,2018-08-05,14:10:00,05:30:00,0.0,37.6,31.0,24.4,0.8,9.7
1313,2018-08-06,15:50:00,06:40:00,0.0,36.9,30.6,24.4,1.7,11.9
1314,2018-08-07,14:00:00,03:10:00,0.0,36.7,30.7,24.7,2.8,11.7
1315,2018-08-08,14:30:00,05:40:00,0.0,34.6,27.9,21.2,2.8,13.1
1316,2018-08-09,00:00:00,00:00:00,0.0,31.3,25.4,19.5,2.2,13.6
1317,2018-08-10,13:40:00,05:40:00,0.0,31.3,24.4,17.5,2.2,13.3
1318,2018-08-11,14:05:00,05:40:00,0.0,33.7,27.9,22.1,1.4,6.7
1319,2018-08-12,13:50:00,06:20:00,0.0,35.0,29.2,23.3,2.2,11.1
1320,2018-08-13,14:10:00,06:00:00,0.0,33.5,27.5,21.5,2.2,7.8
1321,2018-08-14,13:30:00,05:40:00,0.0,33.0,26.3,19.6,1.1,9.7
1322,2018-08-15,14:00:00,06:10:00,0.0,33.8,26.7,19.6,2.2,8.9
1323,2018-08-16,13:50:00,06:30:00,0.0,32.0,27.5,23.0,1.9,7.2
1324,2018-08-17,14:30:00,00:00:00,0.0,32.2,26.1,20.0,1.9,11.9
1325,2018-08-18,15:50:00,05:10:00,0.0,30.4,23.6,16.8,1.7,12.8
1326,2018-08-19,14:15:00,04:00:00,0.0,31.6,25.8,20.0,1.7,7.2
1327,2018-08-20,14:10:00,05:15:00,0.0,32.5,26.6,20.7,1.4,5.3
1328,2018-08-21,13:50:00,05:40:00,0.0,34.4,27.7,21.0,1.1,8.3
1329,2018-08-22,14:45:00,06:30:00,0.0,32.8,27.4,21.9,1.1,10.0
1330,2018-08-23,14:00:00,05:50:00,0.0,33.8,27.0,20.2,1.1,9.4
1331,2018-08-24,14:20:00,00:00:00,0.0,33.0,26.8,20.6,1.4,10.0
1332,2018-08-25,14:20:00,06:10:00,0.0,32.8,25.8,18.8,2.2,9.4
1333,2018-08-26,14:20:00,06:30:00,0.0,31.5,24.4,17.4,1.4,7.8
1334,2018-08-27,13:30:00,06:30:00,0.0,35.0,27.8,20.5,1.4,8.1
1335,2018-08-28,13:10:00,06:20:00,0.0,33.8,28.0,22.3,2.5,10.8
1336,2018-08-29,14:20:00,06:30:00,0.0,31.5,25.8,20.0,0.8,12.5
1337,2018-08-30,13:30:00,00:00:00,0.0,32.2,26.4,20.5,1.4,8.6
1338,2018-08-31,14:40:00,06:30:00,0.0,33.4,27.3,21.2,1.9,8.9
1339,2018-09-01,13:40:00,06:50:00,0.0,33.6,27.3,21.0,1.1,7.5
1340,2018-09-02,14:30:00,22:10:00,1.2,34.8,27.5,20.2,1.7,9.2
1341,2018-09-03,14:50:00,06:10:00,0.0,31.3,26.8,22.3,1.7,7.8
1342,2018-09-04,13:30:00,06:20:00,0.0,29.5,24.4,19.4,1.4,6.9
1343,2018-09-05,13:40:00,05:10:00,0.0,27.8,23.0,18.3,2.8,10.0
1344,2018-09-06,13:30:00,03:50:00,0.0,27.4,22.6,17.8,0.6,8.9
1345,2018-09-07,13:50:00,07:20:00,5.1,28.5,22.2,16.0,2.2,10.0
1346,2018-09-08,13:20:00,07:50:00,1.8,23.6,20.2,16.9,1.7,7.8
1347,2018-09-09,14:10:00,05:30:00,0.0,26.3,21.0,15.8,0.8,6.1
1348,2018-09-10,13:45:00,05:20:00,0.0,28.3,22.8,17.3,1.9,10.0
1349,2018-09-11,13:50:00,05:20:00,0.0,28.5,23.0,17.6,1.9,6.7
1350,2018-09-12,13:50:00,05:30:00,0.0,29.0,23.2,17.3,0.6,6.4
1351,2018-09-13,13:50:00,06:10:00,0.0,32.2,25.4,18.6,0.8,6.1
1352,2018-09-14,14:00:00,06:10:00,0.0,31.6,25.5,19.4,1.4,5.8
1353,2018-09-15,13:30:00,06:20:00,0.0,30.0,25.1,20.2,0.8,11.9
1354,2018-09-16,13:50:00,05:50:00,0.0,30.2,24.1,18.0,0.6,5.6
1355,2018-09-17,13:30:00,23:15:00,1.2,30.8,24.7,18.6,1.9,9.2
1356,2018-09-18,14:30:00,06:20:00,0.0,28.5,23.4,18.2,1.4,6.7
1357,2018-09-19,13:50:00,05:40:00,0.0,30.4,24.2,18.0,0.8,4.4
1358,2018-09-20,13:30:00,06:20:00,0.0,31.5,25.7,19.9,1.1,6.1
1359,2018-09-21,13:20:00,05:00:00,0.0,31.3,25.1,18.9,1.4,7.2
1360,2018-09-22,13:20:00,06:50:00,0.0,32.5,26.2,20.0,1.7,7.2
1361,2018-09-23,13:10:00,05:30:00,0.0,33.5,27.2,20.8,1.4,8.6
1362,2018-09-24,13:10:00,06:50:00,0.0,32.0,26.0,20.0,1.9,10.0
1363,2018-09-25,13:30:00,06:20:00,0.0,29.3,23.2,17.2,2.2,10.0
1364,2018-09-26,16:00:00,23:59:00,0.5,26.0,22.5,19.0,2.2,7.5
1365,2018-09-27,13:30:00,06:00:00,0.0,26.4,21.0,15.7,0.3,5.0
1366,2018-09-28,13:50:00,06:30:00,0.0,27.8,21.9,16.0,1.4,6.7
1367,2018-09-29,13:40:00,00:00:00,0.0,27.9,22.4,16.8,0.8,6.1
1368,2018-09-30,13:30:00,06:30:00,0.0,29.0,23.0,16.9,1.7,8.6
1369,2018-10-01,13:50:00,23:59:00,0.0,25.0,19.8,14.6,3.1,10.6
1370,2018-10-02,13:10:00,06:40:00,0.0,24.6,17.3,10.0,1.1,8.3
1371,2018-10-03,13:20:00,06:10:00,0.0,26.0,20.5,15.0,1.9,7.8
1372,2018-10-04,13:20:00,07:30:00,0.0,26.3,20.2,14.0,1.1,5.3
1373,2018-10-05,13:40:00,06:30:00,0.0,25.9,20.4,14.8,1.1,5.6
1374,2018-10-06,13:30:00,05:20:00,0.0,27.1,20.4,13.6,2.5,11.4
1375,2018-10-07,13:20:00,06:40:00,0.0,19.5,15.4,11.2,3.9,11.4
1376,2018-10-08,12:50:00,06:40:00,0.0,18.7,13.8,9.0,1.1,7.2
1377,2018-10-09,13:45:00,06:45:00,8.9,19.5,15.1,10.7,1.7,11.4
1378,2018-10-10,15:20:00,00:00:00,2.7,18.1,14.6,11.0,0.8,5.3
1379,2018-10-11,16:20:00,02:20:00,2.9,20.5,17.2,13.8,2.8,8.9
1380,2018-10-12,15:10:00,00:00:00,0.3,20.8,18.3,15.8,0.8,5.8
1381,2018-10-13,00:00:00,06:40:00,2.6,24.2,19.6,15.0,0.6,5.3
1382,2018-10-14,00:00:00,23:50:00,0.0,18.5,14.8,11.2,3.1,12.2
1383,2018-10-15,12:20:00,05:50:00,0.1,15.4,12.3,9.2,1.4,6.7
1384,2018-10-16,13:10:00,06:15:00,0.0,20.1,15.4,10.6,1.1,5.8
1385,2018-10-17,13:05:00,06:40:00,0.0,21.5,16.5,11.5,1.4,6.4
1386,2018-10-18,12:40:00,04:50:00,8.8,20.4,17.2,14.0,3.1,11.4
1387,2018-10-19,11:15:00,00:00:00,5.9,17.0,14.8,12.7,3.6,11.4
1388,2018-10-20,12:40:00,00:00:00,3.3,21.0,17.2,13.5,2.5,9.7
1389,2018-10-21,13:40:00,00:00:00,0.2,21.2,17.8,14.4,2.5,6.7
1390,2018-10-22,13:15:00,06:15:00,0.0,22.3,17.0,11.7,0.8,9.2
1391,2018-10-23,13:30:00,00:00:00,0.0,20.5,16.8,13.0,1.4,7.5
1392,2018-10-24,15:10:00,06:50:00,0.0,22.0,16.2,10.5,0.3,5.0
1393,2018-10-25,14:30:00,06:30:00,0.0,22.6,16.6,10.5,0.8,6.1
1394,2018-10-26,11:45:00,04:45:00,1.5,16.5,14.2,11.8,0.8,4.7
1395,2018-10-27,11:00:00,22:10:00,4.2,12.4,8.8,5.1,1.9,11.1
1396,2018-10-28,12:40:00,23:59:00,0.0,10.0,7.0,4.1,3.1,11.1
1397,2018-10-29,14:10:00,00:30:00,0.7,10.4,7.0,3.7,3.3,11.4
1398,2018-10-30,15:50:00,00:00:00,15.1,9.0,7.5,6.0,3.1,9.2
1399,2018-10-31,14:50:00,23:00:00,0.1,12.0,8.9,5.8,2.5,10.3
1400,2018-11-01,13:10:00,05:30:00,0.0,13.8,9.2,4.5,0.8,5.3
1401,2018-11-02,12:50:00,00:00:00,0.0,18.0,13.6,9.3,2.2,9.7
1402,2018-11-03,14:30:00,07:30:00,0.0,15.0,10.6,6.1,0.6,4.7
1403,2018-11-04,14:30:00,07:10:00,17.0,15.4,10.0,4.5,0.8,9.7
1404,2018-11-05,00:00:00,19:00:00,2.7,10.0,8.2,6.3,3.1,10.8
1405,2018-11-06,12:50:00,05:50:00,0.7,11.8,8.9,6.0,3.1,11.7
1406,2018-11-07,13:45:00,23:59:00,4.5,13.8,10.6,7.5,1.9,7.8
1407,2018-11-08,13:20:00,00:00:00,7.6,12.6,9.8,7.0,1.1,12.2
1408,2018-11-09,13:10:00,02:30:00,0.0,12.6,9.0,5.4,3.6,11.4
1409,2018-11-10,13:50:00,00:00:00,1.1,13.5,11.6,9.6,3.6,12.2
1410,2018-11-11,13:40:00,23:59:00,0.0,16.7,14.2,11.6,2.8,8.1
1411,2018-11-12,15:20:00,05:10:00,1.6,14.0,12.2,10.3,0.8,7.5
1412,2018-11-13,15:40:00,00:00:00,0.0,16.0,13.0,10.0,1.4,5.8
1413,2018-11-14,14:30:00,06:40:00,0.0,16.0,13.0,10.0,1.9,7.2
1414,2018-11-15,12:50:00,07:30:00,0.9,16.5,14.2,11.8,1.1,8.3
1415,2018-11-16,14:50:00,00:00:00,1.7,15.8,14.0,12.1,1.1,6.9
1416,2018-11-17,14:20:00,07:30:00,0.0,16.5,13.8,11.0,1.4,5.3
1417,2018-11-18,13:15:00,23:59:00,11.8,13.7,11.5,9.3,1.9,9.2
1418,2018-11-19,13:10:00,02:10:00,2.5,13.6,11.2,8.7,2.2,8.9
1419,2018-11-20,14:30:00,11:50:00,2.9,12.0,10.0,8.0,2.8,13.9
1420,2018-11-21,12:30:00,23:20:00,1.5,11.8,9.2,6.7,1.7,10.8
1421,2018-11-22,14:10:00,03:20:00,3.7,12.0,8.9,5.8,1.1,5.0
1422,2018-11-23,15:15:00,23:59:00,0.0,11.1,8.0,5.0,1.7,8.1
1423,2018-11-24,14:50:00,06:10:00,2.0,9.2,6.1,3.0,0.0,3.3
1424,2018-11-25,14:10:00,02:20:00,4.9,14.0,10.3,6.6,3.3,11.1
1425,2018-11-26,14:20:00,23:59:00,0.0,12.0,9.5,7.0,3.1,17.2
1426,2018-11-27,00:00:00,08:30:00,0.0,12.0,8.1,4.2,0.8,6.1
1427,2018-11-28,15:10:00,07:20:00,0.0,11.1,7.2,3.4,0.8,3.1
1428,2018-11-29,13:20:00,07:10:00,3.3,11.4,7.4,3.4,0.6,5.8
1429,2018-11-30,13:40:00,23:59:00,0.0,11.0,7.8,4.7,0.6,4.2
1430,2018-12-01,15:20:00,06:10:00,0.0,11.0,7.0,3.0,0.6,4.4
1431,2018-12-02,14:40:00,04:40:00,0.0,8.8,6.6,4.5,0.3,3.3
1432,2018-12-03,14:50:00,23:59:00,0.0,9.0,7.2,5.4,0.8,2.8
1433,2018-12-04,14:30:00,06:30:00,0.0,15.2,9.7,4.2,0.6,3.3
1434,2018-12-05,15:00:00,07:50:00,0.0,16.0,11.4,6.9,0.6,4.2
1435,2018-12-06,13:50:00,07:20:00,0.0,15.5,10.5,5.5,0.6,4.2
1436,2018-12-07,19:40:00,07:20:00,0.0,10.5,7.4,4.2,1.1,7.5
1437,2018-12-08,14:50:00,07:40:00,0.0,13.0,9.2,5.4,0.8,7.8
1438,2018-12-09,14:40:00,06:40:00,0.0,14.6,9.5,4.4,0.3,3.1
1439,2018-12-10,13:20:00,08:10:00,0.0,14.2,9.0,3.9,0.8,3.6
1440,2018-12-11,15:00:00,07:00:00,0.0,12.6,8.2,3.8,0.6,4.2
1441,2018-12-12,18:00:00,06:50:00,3.8,8.6,6.6,4.5,0.8,6.1
1442,2018-12-13,13:45:00,23:59:00,6.2,8.5,6.2,4.0,2.8,14.7
1443,2018-12-14,13:30:00,03:30:00,0.0,10.5,6.8,3.0,2.2,9.7
1444,2018-12-15,14:50:00,06:30:00,0.2,9.0,5.8,2.7,1.4,7.2
1445,2018-12-16,14:30:00,23:00:00,0.3,12.5,9.0,5.6,3.3,12.5
1446,2018-12-17,15:30:00,06:10:00,0.0,9.2,6.3,3.4,1.1,7.2
1447,2018-12-18,21:10:00,08:30:00,0.9,8.0,5.2,2.5,0.6,7.8
1448,2018-12-19,14:50:00,08:50:00,0.0,9.4,7.2,4.9,1.9,6.4
1449,2018-12-20,15:50:00,00:00:00,0.0,10.8,8.1,5.4,1.4,4.7
1450,2018-12-21,15:30:00,06:20:00,0.0,8.7,7.0,5.3,0.3,4.2
1451,2018-12-22,15:00:00,23:59:00,0.0,9.0,7.6,6.2,0.8,4.2
1452,2018-12-23,14:40:00,01:50:00,0.0,9.5,7.0,4.6,0.6,4.7
1453,2018-12-24,15:30:00,00:00:00,0.0,13.2,8.2,3.2,0.3,4.2
1454,2018-12-25,13:50:00,04:30:00,0.0,13.8,9.3,4.8,1.1,4.4
1455,2018-12-26,15:00:00,08:00:00,0.0,12.4,8.4,4.3,0.8,3.1
1456,2018-12-27,14:30:00,07:40:00,0.0,10.5,6.2,2.0,0.6,3.3
1457,2018-12-28,15:10:00,08:10:00,0.0,12.7,7.1,1.5,1.4,5.8
1458,2018-12-29,15:10:00,07:15:00,0.0,11.9,8.0,4.0,1.7,7.8
1459,2018-12-30,14:50:00,06:30:00,0.0,14.2,8.7,3.2,1.1,7.5
1460,2018-12-31,15:30:00,07:50:00,0.0,13.4,7.0,0.7,0.6,5.3
1461,2019-01-01,15:10:00,07:30:00,0.0,11.7,6.6,1.4,0.3,5.3
1462,2019-01-02,15:15:00,06:30:00,0.0,11.7,6.0,0.4,0.6,7.8
1463,2019-01-03,15:20:00,07:00:00,0.0,11.8,7.3,2.8,0.6,7.8
1464,2019-01-04,15:10:00,08:05:00,0.0,11.4,5.9,0.4,0.3,3.6
1465,2019-01-05,15:00:00,08:00:00,0.0,10.8,5.4,-0.1,0.6,3.1
1466,2019-01-06,15:30:00,00:00:00,0.0,13.8,6.6,-0.5,1.1,3.3
1467,2019-01-07,15:40:00,08:00:00,0.0,13.7,7.1,0.5,0.6,5.0
1468,2019-01-08,15:40:00,08:00:00,0.0,13.0,7.1,1.2,0.8,3.6
1469,2019-01-09,14:40:00,08:00:00,0.0,13.2,7.6,2.0,1.4,9.7
1470,2019-01-10,14:05:00,06:10:00,0.0,8.8,4.7,0.6,2.8,10.0
1471,2019-01-11,16:10:00,07:10:00,0.0,7.4,2.8,-1.8,0.6,6.1
1472,2019-01-12,15:40:00,07:50:00,0.0,9.5,4.4,-0.8,0.8,4.2
1473,2019-01-13,15:40:00,06:40:00,0.0,10.8,5.0,-0.7,0.8,3.6
1474,2019-01-14,15:30:00,07:50:00,0.0,12.6,6.8,1.0,0.6,3.9
1475,2019-01-15,15:10:00,01:50:00,0.0,12.2,7.6,3.1,1.4,0.0
1476,2019-01-16,15:30:00,04:40:00,0.0,10.0,5.7,1.4,1.1,6.4
1477,2019-01-17,15:40:00,00:10:00,0.0,8.5,5.6,2.7,0.3,4.7
1478,2019-01-18,15:15:00,07:50:00,0.0,7.6,3.6,-0.3,1.1,6.1
1479,2019-01-19,13:40:00,00:00:00,5.9,4.4,2.0,-0.5,0.6,5.3
1480,2019-01-20,13:50:00,03:50:00,0.0,9.5,6.4,3.3,2.2,11.7
1481,2019-01-21,12:40:00,06:10:00,0.0,9.4,5.4,1.4,3.6,10.6
1482,2019-01-22,13:20:00,04:40:00,0.4,8.0,4.4,0.7,1.9,11.1
1483,2019-01-23,13:15:00,00:30:00,0.0,13.1,9.2,5.2,4.4,17.5
1484,2019-01-24,12:20:00,07:45:00,0.0,14.6,11.6,8.7,2.2,12.2
1485,2019-01-25,13:40:00,07:10:00,0.0,15.2,10.2,5.2,3.3,10.0
1486,2019-01-26,15:15:00,07:45:00,0.0,12.6,7.4,2.2,1.1,5.0
1487,2019-01-27,13:30:00,04:50:00,0.0,11.4,6.9,2.4,2.2,14.7
1488,2019-01-28,13:30:00,06:50:00,0.0,13.0,8.4,3.7,3.9,15.3
1489,2019-01-29,19:20:00,00:00:00,,10.5,7.9,5.3,2.8,14.7
1490,2019-01-30,13:50:00,07:50:00,4.1,10.1,7.2,4.2,3.3,10.8
1491,2019-01-31,13:20:00,00:00:00,8.2,12.4,9.4,6.4,5.3,17.2
1492,2019-02-01,01:30:00,17:50:00,1.0,9.4,6.4,3.5,3.9,16.1
1493,2019-02-02,13:25:00,21:30:00,0.0,7.5,4.6,1.6,3.9,14.2
1494,2019-02-03,14:30:00,07:50:00,0.0,8.2,4.0,-0.3,1.4,12.2
1495,2019-02-04,15:55:00,07:20:00,0.0,10.9,4.8,-1.4,0.8,3.6
