,anual_total_use_day,date,precipitation,temp_max,temp_media,temp_min,wind_speed,dioxido_nitrogeno,season,weekend
0,105,2014-06-25,1.7,27.0,21.6,16.2,1.4,20.0,Verano,0
1,2813,2014-08-04,0.0,31.8,25.0,18.3,1.7,19.0,Verano,0
2,17,2014-06-23,0.0,29.7,23.2,16.6,1.7,20.0,Verano,0
3,24,2014-06-24,0.0,19.8,18.4,17.0,1.7,17.0,Verano,0
4,120,2014-06-26,0.4,26.2,20.8,15.5,0.6,21.0,Verano,0
5,131,2014-06-27,0.0,30.4,23.7,17.0,2.2,23.0,Verano,0
6,101,2014-06-28,0.0,29.6,23.3,17.0,3.9,17.0,Verano,1
7,107,2014-06-29,0.0,28.3,22.2,16.2,1.9,10.0,Verano,1
8,121,2014-06-30,0.0,29.9,23.0,16.2,2.5,16.0,Verano,0
9,124,2014-07-01,0.0,28.0,22.8,17.6,2.8,15.0,Verano,0
10,128,2014-07-02,1.1,27.3,21.0,14.6,1.4,12.0,Verano,0
11,85,2014-07-03,1.5,22.2,19.2,16.2,2.5,17.0,Verano,0
12,121,2014-07-04,0.0,28.7,21.0,13.4,1.7,20.0,Verano,0
13,783,2014-07-05,0.0,31.7,24.8,18.0,2.2,25.0,Verano,1
14,1230,2014-07-06,0.0,26.1,21.8,17.5,3.6,11.0,Verano,1
15,1324,2014-07-07,0.0,28.0,22.4,16.7,1.9,11.0,Verano,0
16,1774,2014-07-08,0.0,30.0,22.9,15.8,0.3,22.0,Verano,0
17,1874,2014-07-09,0.0,29.2,22.8,16.4,3.6,11.0,Verano,0
18,2266,2014-07-10,0.0,29.0,21.1,13.2,2.2,11.0,Verano,0
19,2212,2014-07-11,0.0,30.0,21.7,13.4,1.1,14.0,Verano,0
20,1949,2014-07-12,0.0,31.2,23.3,15.4,2.2,12.0,Verano,1
21,1790,2014-07-13,0.0,33.2,25.6,18.0,2.5,12.0,Verano,1
22,2311,2014-07-14,0.0,35.0,27.9,20.8,1.4,24.0,Verano,0
23,2537,2014-07-15,0.0,35.8,28.7,21.6,1.1,20.0,Verano,0
24,2673,2014-07-16,0.0,37.2,30.0,22.8,0.8,29.0,Verano,0
25,2651,2014-07-17,0.0,37.3,30.0,22.7,1.9,35.0,Verano,0
26,2547,2014-07-18,0.0,35.0,29.2,23.4,2.8,28.0,Verano,0
27,2359,2014-07-19,0.0,23.2,20.3,17.4,3.1,9.0,Verano,1
28,2371,2014-07-20,0.0,26.2,21.1,16.0,2.8,9.0,Verano,1
29,2676,2014-07-21,0.0,30.5,23.4,16.4,0.8,18.0,Verano,0
30,2935,2014-07-22,0.0,34.0,26.4,18.8,1.7,21.0,Verano,0
31,2927,2014-07-23,0.0,36.0,28.5,21.0,1.9,24.0,Verano,0
32,3204,2014-07-24,0.0,35.3,29.0,22.7,2.2,20.0,Verano,0
33,3084,2014-07-25,0.0,34.2,27.0,19.8,1.4,29.0,Verano,0
34,2467,2014-07-26,0.0,35.3,28.4,21.5,1.4,18.0,Verano,1
35,2321,2014-07-27,0.0,35.7,28.8,22.0,1.7,13.0,Verano,1
36,2894,2014-07-28,0.0,35.7,28.8,22.0,1.9,17.0,Verano,0
37,3168,2014-07-29,0.0,29.7,23.8,18.0,2.5,9.0,Verano,0
38,3236,2014-07-30,0.0,31.6,23.6,15.5,2.5,15.0,Verano,0
39,3365,2014-07-31,0.0,34.7,27.4,20.2,3.6,22.0,Verano,0
40,3048,2014-08-01,0.0,28.0,24.0,20.0,3.1,13.0,Verano,0
41,2532,2014-08-02,0.0,28.0,23.1,18.2,2.8,8.0,Verano,1
42,2624,2014-08-03,0.0,29.2,23.4,17.6,1.4,9.0,Verano,1
43,2830,2014-08-05,0.0,33.5,27.2,21.0,1.9,14.0,Verano,0
44,3054,2014-08-06,0.0,34.6,27.6,20.6,2.5,17.0,Verano,0
45,2967,2014-08-07,0.0,34.9,28.0,21.2,2.5,16.0,Verano,0
46,2907,2014-08-08,0.0,34.0,27.4,20.7,2.2,17.0,Verano,0
47,2582,2014-08-09,0.0,32.0,26.5,21.0,2.8,18.0,Verano,1
48,2687,2014-08-10,0.0,32.2,25.9,19.6,2.5,11.0,Verano,1
49,2900,2014-08-11,0.0,32.7,26.4,20.0,1.4,16.0,Verano,0
50,3008,2014-08-12,0.0,34.0,27.3,20.6,3.1,17.0,Verano,0
51,3102,2014-08-13,0.0,29.4,23.9,18.4,2.5,9.0,Verano,0
52,2791,2014-08-14,0.0,29.5,22.6,15.7,1.7,10.0,Verano,0
53,2392,2014-08-15,0.0,31.2,24.3,17.4,1.9,10.0,Verano,0
54,2254,2014-08-16,0.0,30.4,23.1,15.8,2.2,8.0,Verano,1
55,2444,2014-08-17,0.0,32.2,24.8,17.5,1.7,11.0,Verano,1
56,2945,2014-08-18,0.0,32.6,26.9,21.2,1.7,18.0,Verano,0
57,3155,2014-08-19,0.0,32.8,26.0,19.2,2.8,21.0,Verano,0
58,3358,2014-08-20,0.0,31.2,24.8,18.3,1.9,16.0,Verano,0
59,3678,2014-08-21,0.0,30.5,24.4,18.3,2.2,17.0,Verano,0
60,3419,2014-08-22,0.0,30.5,24.4,18.4,1.7,14.0,Verano,0
61,3158,2014-08-23,0.0,30.7,23.7,16.7,1.4,13.0,Verano,1
62,3421,2014-08-24,0.0,31.8,25.2,18.6,1.9,15.0,Verano,1
63,3556,2014-08-25,0.0,34.0,26.2,18.3,2.2,29.0,Verano,0
64,3991,2014-08-26,0.0,34.3,27.4,20.6,2.5,14.0,Verano,0
65,4007,2014-08-27,0.0,34.7,27.4,20.1,1.1,16.0,Verano,0
66,4125,2014-08-28,0.0,34.4,27.3,20.2,2.5,25.0,Verano,0
67,4255,2014-08-29,0.0,33.0,26.5,20.0,0.3,18.0,Verano,0
68,4002,2014-08-30,0.0,32.4,26.6,20.8,1.1,13.0,Verano,1
69,4323,2014-08-31,0.0,33.6,27.6,21.6,1.1,14.0,Verano,1
70,4292,2014-09-01,0.0,34.8,28.2,21.5,1.9,20.0,Verano,0
71,4608,2014-09-02,0.1,36.4,29.4,22.4,2.5,21.0,Verano,0
72,5163,2014-09-03,0.0,33.3,27.2,21.0,2.8,21.0,Verano,0
73,5334,2014-09-04,0.0,30.6,24.8,19.0,1.7,15.0,Verano,0
74,4957,2014-09-05,0.0,32.0,25.0,18.0,1.4,22.0,Verano,0
75,4791,2014-09-06,0.0,29.4,24.0,18.6,2.5,16.0,Verano,1
76,4724,2014-09-07,0.0,28.7,23.4,18.1,1.9,15.0,Verano,1
77,4917,2014-09-08,0.0,29.6,23.6,17.5,1.7,19.0,Verano,0
78,5209,2014-09-09,0.0,30.2,24.1,18.0,1.7,21.0,Verano,0
79,5297,2014-09-10,0.0,30.7,25.2,19.6,1.4,22.0,Verano,0
80,5246,2014-09-11,0.0,28.5,23.2,18.0,2.8,13.0,Verano,0
81,5339,2014-09-12,0.0,30.0,23.3,16.6,1.4,17.0,Verano,0
82,4827,2014-09-13,0.0,30.4,24.1,17.8,1.1,20.0,Verano,1
83,4978,2014-09-14,2.0,28.5,22.6,16.8,1.9,17.0,Verano,1
84,5022,2014-09-15,0.0,25.2,20.2,15.2,1.4,15.0,Verano,0
85,5021,2014-09-16,1.7,27.3,22.0,16.8,2.8,21.0,Verano,0
86,4739,2014-09-17,0.2,25.6,21.0,16.3,2.2,16.0,Verano,0
87,4319,2014-09-18,4.6,24.0,19.7,15.4,1.7,20.0,Verano,0
88,4858,2014-09-19,0.3,22.0,18.2,14.4,1.7,19.0,Verano,0
89,5028,2014-09-20,0.0,24.6,19.8,15.0,1.1,20.0,Verano,1
90,4955,2014-09-21,11.0,27.0,21.3,15.6,1.9,15.0,Otoño,1
91,4750,2014-09-22,0.0,23.5,18.9,14.3,1.4,20.0,Otoño,0
92,5403,2014-09-23,1.1,23.0,18.6,14.2,1.4,16.0,Otoño,0
93,4867,2014-09-24,1.9,21.4,17.5,13.6,0.8,24.0,Otoño,0
94,5904,2014-09-25,0.0,22.4,17.0,11.6,1.4,22.0,Otoño,0
95,5595,2014-09-26,0.0,23.5,18.5,13.5,1.4,27.0,Otoño,0
96,5083,2014-09-27,1.6,22.6,18.8,15.0,3.1,20.0,Otoño,1
97,4008,2014-09-28,0.5,19.5,17.2,15.0,0.8,15.0,Otoño,1
98,4976,2014-09-29,0.0,23.3,18.8,14.2,1.1,24.0,Otoño,0
99,5616,2014-09-30,0.0,25.5,19.6,13.6,1.1,30.0,Otoño,0
100,5894,2014-10-01,0.0,25.7,20.8,15.8,1.9,19.0,Otoño,0
101,6050,2014-10-02,0.0,24.6,20.6,16.6,0.8,20.0,Otoño,0
102,6325,2014-10-03,0.0,25.4,20.6,15.7,1.1,22.0,Otoño,0
103,6017,2014-10-04,0.0,26.1,20.3,14.5,1.7,26.0,Otoño,1
104,5720,2014-10-05,0.0,24.8,20.1,15.4,2.5,20.0,Otoño,1
105,5427,2014-10-06,0.0,23.7,18.2,12.8,1.7,23.0,Otoño,0
106,5751,2014-10-07,0.0,23.7,18.6,13.6,3.3,15.0,Otoño,0
107,6037,2014-10-08,0.7,23.5,18.9,14.3,2.2,20.0,Otoño,0
108,3697,2014-10-09,38.9,20.0,17.6,15.3,2.5,16.0,Otoño,0
109,4669,2014-10-10,2.2,19.2,16.6,14.0,0.8,25.0,Otoño,0
110,4292,2014-10-11,14.8,20.2,17.2,14.2,1.1,17.0,Otoño,1
111,4625,2014-10-12,2.5,18.8,15.5,12.2,2.5,11.0,Otoño,1
112,4443,2014-10-13,11.7,15.8,13.6,11.5,3.3,14.0,Otoño,0
113,4009,2014-10-14,1.1,15.8,12.7,9.6,1.7,22.0,Otoño,0
114,5513,2014-10-15,0.0,15.8,12.6,9.3,1.7,20.0,Otoño,0
115,5946,2014-10-16,0.0,20.7,18.0,15.2,2.2,18.0,Otoño,0
116,6839,2014-10-17,0.0,22.0,17.9,13.8,0.8,19.0,Otoño,0
117,6265,2014-10-18,0.0,25.4,19.6,13.8,1.1,24.0,Otoño,1
118,5941,2014-10-19,0.0,25.2,20.8,16.4,2.5,22.0,Otoño,1
119,5732,2014-10-20,0.0,24.7,20.0,15.2,1.4,27.0,Otoño,0
120,6145,2014-10-21,0.0,26.5,20.0,13.4,1.1,28.0,Otoño,0
121,6309,2014-10-22,0.0,23.5,19.4,15.2,1.9,26.0,Otoño,0
122,6321,2014-10-23,0.0,23.6,16.8,10.0,0.6,51.0,Otoño,0
123,6575,2014-10-24,0.0,26.0,19.6,13.3,1.4,43.0,Otoño,0
124,6209,2014-10-25,0.0,25.2,20.4,15.6,1.1,30.0,Otoño,1
125,6004,2014-10-26,0.0,24.5,19.4,14.4,1.4,28.0,Otoño,1
126,5635,2014-10-27,0.0,22.3,17.8,13.4,0.6,41.0,Otoño,0
127,5873,2014-10-28,0.0,20.5,16.2,11.8,0.6,48.0,Otoño,0
128,5967,2014-10-29,0.0,22.6,17.9,13.2,0.6,49.0,Otoño,0
129,6099,2014-10-30,0.0,23.5,18.0,12.6,0.0,52.0,Otoño,0
130,6021,2014-10-31,0.0,22.4,17.9,13.4,1.4,40.0,Otoño,0
131,5219,2014-11-01,0.0,20.3,15.8,11.4,1.1,40.0,Otoño,1
132,4170,2014-11-02,5.3,18.8,14.7,10.6,1.4,30.0,Otoño,1
133,3509,2014-11-03,14.4,14.7,12.4,10.0,2.5,21.0,Otoño,0
134,4361,2014-11-04,0.0,12.0,9.7,7.4,2.8,16.0,Otoño,0
135,4998,2014-11-05,0.0,13.2,9.3,5.4,2.2,21.0,Otoño,0
136,5057,2014-11-06,0.2,14.5,10.0,5.5,1.4,23.0,Otoño,0
137,4471,2014-11-07,0.5,17.2,13.6,10.1,2.5,20.0,Otoño,0
138,3629,2014-11-08,1.0,14.0,11.4,8.8,2.8,18.0,Otoño,1
139,3453,2014-11-09,0.0,12.6,8.8,5.0,3.1,16.0,Otoño,1
140,3156,2014-11-10,8.7,11.5,7.2,3.0,1.4,29.0,Otoño,0
141,2578,2014-11-11,10.6,11.6,9.3,7.0,1.1,29.0,Otoño,0
142,4628,2014-11-12,0.0,14.4,11.5,8.6,3.1,19.0,Otoño,0
143,4003,2014-11-13,4.1,15.5,12.0,8.5,1.4,26.0,Otoño,0
144,3485,2014-11-14,1.3,14.3,11.2,8.2,3.1,18.0,Otoño,0
145,3737,2014-11-15,0.2,11.7,9.2,6.6,3.6,11.0,Otoño,1
146,3786,2014-11-16,0.1,12.0,8.8,5.7,2.5,13.0,Otoño,1
147,3971,2014-11-17,0.0,13.4,9.4,5.4,1.7,22.0,Otoño,0
148,4086,2014-11-18,0.0,10.4,7.0,3.6,0.3,38.0,Otoño,0
149,4578,2014-11-19,0.0,14.5,10.8,7.1,1.9,39.0,Otoño,0
150,4878,2014-11-20,0.0,18.4,14.0,9.5,2.5,29.0,Otoño,0
151,5042,2014-11-21,0.0,15.4,12.1,8.8,1.4,27.0,Otoño,0
152,4560,2014-11-22,0.0,17.5,14.4,11.2,1.7,22.0,Otoño,1
153,3629,2014-11-23,3.0,16.4,14.7,13.0,1.1,18.0,Otoño,1
154,4131,2014-11-24,0.0,17.3,14.4,11.5,0.8,20.0,Otoño,0
155,3753,2014-11-25,4.5,16.0,12.8,9.6,0.8,17.0,Otoño,0
156,4462,2014-11-26,0.1,12.4,10.7,9.0,1.7,16.0,Otoño,0
157,3260,2014-11-27,5.9,11.5,9.6,7.8,1.9,23.0,Otoño,0
158,2133,2014-11-28,11.8,10.4,9.2,8.0,2.8,22.0,Otoño,0
159,3137,2014-11-29,1.1,10.6,9.3,8.0,1.1,20.0,Otoño,1
160,3703,2014-11-30,1.1,15.3,11.4,7.6,0.8,18.0,Otoño,1
161,4225,2014-12-01,0.0,16.2,12.1,8.0,1.9,17.0,Otoño,0
162,4573,2014-12-02,0.0,14.1,10.0,5.9,1.4,19.0,Otoño,0
163,4350,2014-12-03,0.0,10.4,8.3,6.2,0.8,18.0,Otoño,0
164,4546,2014-12-04,0.0,10.5,8.0,5.4,0.8,16.0,Otoño,0
165,4533,2014-12-05,0.0,11.5,7.8,4.2,1.4,20.0,Otoño,0
166,3114,2014-12-06,0.2,10.0,6.3,2.6,1.4,15.0,Otoño,1
167,2986,2014-12-07,0.0,10.4,6.0,1.7,1.4,12.0,Otoño,1
168,3045,2014-12-08,0.0,10.4,5.6,0.8,0.8,14.0,Otoño,0
169,3673,2014-12-09,0.0,10.4,6.8,3.2,1.1,13.0,Otoño,0
170,4189,2014-12-10,0.0,11.5,6.8,2.2,0.3,13.0,Otoño,0
171,4490,2014-12-11,0.0,11.8,6.9,2.0,0.3,12.0,Otoño,0
172,4761,2014-12-12,0.0,10.5,6.2,1.9,0.8,0.0,Otoño,0
173,2676,2014-12-13,16.7,11.8,8.4,5.0,2.5,43.0,Otoño,1
174,1740,2014-12-14,5.9,8.8,7.9,7.0,1.1,38.0,Otoño,1
175,3960,2014-12-15,0.0,11.0,8.3,5.6,1.7,47.0,Otoño,0
176,4378,2014-12-16,0.0,12.4,8.2,3.9,0.6,69.0,Otoño,0
177,4547,2014-12-17,0.0,12.6,8.3,4.0,0.6,72.0,Otoño,0
178,4828,2014-12-18,0.0,13.4,8.4,3.4,0.6,83.0,Otoño,0
179,5126,2014-12-19,0.0,12.2,7.8,3.3,0.6,79.0,Otoño,0
180,4454,2014-12-20,0.0,13.2,7.3,1.4,0.8,58.0,Otoño,1
181,4027,2014-12-21,0.0,12.2,8.7,5.2,1.1,40.0,Invierno,1
182,3962,2014-12-22,0.0,13.3,9.0,4.6,1.4,55.0,Invierno,0
183,3960,2014-12-23,0.0,11.2,7.5,3.8,0.8,67.0,Invierno,0
184,2765,2014-12-24,0.0,10.0,5.5,1.0,0.3,57.0,Invierno,0
185,2073,2014-12-25,0.0,11.2,7.1,3.0,1.7,39.0,Invierno,0
186,3171,2014-12-26,0.0,11.2,6.4,1.6,0.3,58.0,Invierno,0
187,3079,2014-12-27,0.0,8.8,5.4,2.1,1.4,49.0,Invierno,1
188,2471,2014-12-28,0.0,11.2,7.3,3.4,2.8,22.0,Invierno,1
189,3060,2014-12-29,0.0,8.9,5.2,1.6,3.3,40.0,Invierno,0
190,3262,2014-12-30,0.0,9.3,3.7,-1.9,0.6,72.0,Invierno,0
191,2609,2014-12-31,0.0,9.4,3.9,-1.6,0.8,89.0,Invierno,0
192,2018,2015-01-01,0.0,10.4,4.7,-1.0,0.8,81.0,Invierno,0
193,2880,2015-01-02,0.0,12.0,5.5,-1.0,0.6,89.0,Invierno,0
194,3187,2015-01-03,0.0,11.4,6.3,1.2,0.3,76.0,Invierno,1
195,3296,2015-01-04,0.0,14.0,7.7,1.4,0.3,86.0,Invierno,1
196,4039,2015-01-05,0.0,12.0,6.8,1.5,1.4,78.0,Invierno,0
197,2651,2015-01-06,0.0,9.8,5.3,0.8,0.8,68.0,Invierno,0
198,3821,2015-01-07,0.0,10.7,5.8,0.8,1.1,85.0,Invierno,0
199,4333,2015-01-08,0.0,12.3,6.4,0.4,0.8,77.0,Invierno,0
200,4832,2015-01-09,0.0,13.5,7.8,2.0,0.3,92.0,Invierno,0
201,4494,2015-01-10,0.0,12.6,7.2,1.7,0.8,73.0,Invierno,1
202,4209,2015-01-11,0.0,13.7,8.0,2.4,0.8,65.0,Invierno,1
203,4241,2015-01-12,0.0,11.8,7.7,3.6,1.1,54.0,Invierno,0
204,4365,2015-01-13,0.0,12.4,7.4,2.4,1.4,58.0,Invierno,0
205,4319,2015-01-14,0.0,8.2,5.3,2.4,0.6,62.0,Invierno,0
206,3637,2015-01-15,6.1,10.8,7.9,5.0,1.4,50.0,Invierno,0
207,4236,2015-01-16,0.0,8.0,5.3,2.6,2.2,36.0,Invierno,0
208,3930,2015-01-17,0.0,8.5,3.7,-1.1,1.7,40.0,Invierno,1
209,2323,2015-01-18,6.8,3.5,1.9,0.3,0.6,33.0,Invierno,1
210,3309,2015-01-19,0.0,7.2,3.9,0.6,4.4,39.0,Invierno,0
211,3698,2015-01-20,0.0,6.5,3.4,0.2,0.8,60.0,Invierno,0
212,3473,2015-01-21,0.4,5.6,3.2,0.8,1.7,45.0,Invierno,0
213,4202,2015-01-22,0.0,8.4,5.1,1.8,2.5,35.0,Invierno,0
214,4601,2015-01-23,0.0,9.8,5.1,0.4,2.8,60.0,Invierno,0
215,4473,2015-01-24,0.0,10.7,4.6,-1.4,0.0,59.0,Invierno,1
216,4085,2015-01-25,0.0,12.6,7.2,1.8,1.7,39.0,Invierno,1
217,4172,2015-01-26,0.0,12.9,6.7,0.5,0.8,62.0,Invierno,0
218,4451,2015-01-27,0.0,13.3,7.6,2.0,1.1,51.0,Invierno,0
219,4911,2015-01-28,0.0,12.8,7.0,1.3,0.3,62.0,Invierno,0
220,4745,2015-01-29,0.0,12.2,8.0,3.9,2.8,44.0,Invierno,0
221,3938,2015-01-30,3.7,15.4,12.5,9.6,4.2,20.0,Invierno,0
222,3831,2015-01-31,0.0,10.8,7.1,3.4,5.6,16.0,Invierno,1
223,3487,2015-02-01,0.0,8.0,4.9,1.8,3.3,13.0,Invierno,1
224,2786,2015-02-02,2.6,5.1,4.2,3.2,2.8,28.0,Invierno,0
225,3182,2015-02-03,4.3,9.6,5.8,2.0,2.5,23.0,Invierno,0
226,3805,2015-02-04,0.0,5.1,2.8,0.4,4.4,24.0,Invierno,0
227,3943,2015-02-05,0.0,5.6,3.1,0.6,3.6,20.0,Invierno,0
228,4249,2015-02-06,0.0,5.7,2.6,-0.4,2.2,27.0,Invierno,0
229,3452,2015-02-07,0.0,3.4,1.2,-1.0,1.4,35.0,Invierno,1
230,3660,2015-02-08,0.0,8.5,3.4,-1.7,1.1,24.0,Invierno,1
231,4023,2015-02-09,0.0,10.4,5.5,0.6,2.8,26.0,Invierno,0
232,4402,2015-02-10,0.0,9.0,5.9,2.8,1.9,33.0,Invierno,0
233,4411,2015-02-11,0.0,8.6,6.6,4.5,1.7,37.0,Invierno,0
234,4942,2015-02-12,0.0,11.6,7.9,4.2,1.4,38.0,Invierno,0
235,5015,2015-02-13,0.0,12.2,7.4,2.7,2.8,28.0,Invierno,0
236,4139,2015-02-14,4.3,12.3,9.5,6.7,3.1,15.0,Invierno,1
237,3800,2015-02-15,0.0,14.8,10.8,6.7,2.8,16.0,Invierno,1
238,4502,2015-02-16,6.9,13.1,9.6,6.0,1.1,24.0,Invierno,0
239,4564,2015-02-17,0.0,11.8,8.1,4.4,4.7,18.0,Invierno,0
240,4770,2015-02-18,0.0,10.8,7.2,3.7,3.1,23.0,Invierno,0
241,5034,2015-02-19,0.0,12.6,7.6,2.6,1.1,31.0,Invierno,0
242,4988,2015-02-20,3.4,11.3,6.7,2.1,0.8,36.0,Invierno,0
243,4259,2015-02-21,0.0,13.0,9.0,5.0,2.2,15.0,Invierno,1
244,4537,2015-02-22,0.0,13.8,8.0,2.2,2.5,22.0,Invierno,1
245,4514,2015-02-23,0.0,13.7,10.2,6.6,4.2,17.0,Invierno,0
246,4608,2015-02-24,0.0,11.5,7.8,4.2,3.9,15.0,Invierno,0
247,5067,2015-02-25,0.0,14.3,9.2,4.1,3.6,17.0,Invierno,0
248,5442,2015-02-26,0.0,13.4,10.0,6.6,2.2,25.0,Invierno,0
249,5906,2015-02-27,0.0,14.3,10.8,7.4,1.9,23.0,Invierno,0
250,5491,2015-02-28,0.0,16.4,10.1,3.8,1.4,23.0,Invierno,1
251,5548,2015-03-01,0.0,18.7,14.2,9.6,2.5,14.0,Invierno,1
252,5017,2015-03-02,0.0,18.1,13.1,8.1,1.4,19.0,Invierno,0
253,5289,2015-03-03,0.0,17.2,13.2,9.1,0.3,33.0,Invierno,0
254,5353,2015-03-04,0.0,15.2,10.1,5.0,3.1,38.0,Invierno,0
255,5511,2015-03-05,0.0,14.5,8.4,2.3,2.2,37.0,Invierno,0
256,6177,2015-03-06,0.0,18.3,11.4,4.6,1.7,52.0,Invierno,0
257,6461,2015-03-07,0.0,21.6,13.3,5.0,0.8,73.0,Invierno,1
258,6235,2015-03-08,0.0,22.2,14.2,6.1,0.8,57.0,Invierno,1
259,5635,2015-03-09,0.0,21.7,13.8,6.0,0.8,60.0,Invierno,0
260,6264,2015-03-10,0.0,22.6,15.4,8.2,1.9,66.0,Invierno,0
261,6516,2015-03-11,0.0,22.4,14.3,6.2,1.1,78.0,Invierno,0
262,6570,2015-03-12,0.0,21.5,14.8,8.0,0.8,75.0,Invierno,0
263,6749,2015-03-13,0.0,18.0,13.3,8.6,3.9,48.0,Invierno,0
264,5793,2015-03-14,0.0,13.7,9.0,4.4,3.3,18.0,Invierno,1
265,4521,2015-03-15,0.0,9.3,5.8,2.4,1.4,22.0,Invierno,1
266,5037,2015-03-16,0.0,12.5,6.8,1.2,1.4,40.0,Invierno,0
267,5413,2015-03-17,0.0,13.6,9.2,4.8,1.9,46.0,Invierno,0
268,3305,2015-03-18,9.0,9.1,6.2,3.2,2.5,40.0,Invierno,0
269,3953,2015-03-19,0.4,11.9,8.8,5.8,3.6,23.0,Invierno,0
270,3911,2015-03-20,4.7,13.1,10.6,8.2,5.6,26.0,Invierno,0
271,3128,2015-03-21,2.5,11.6,9.2,6.8,2.5,25.0,Primavera,1
272,3619,2015-03-22,5.2,12.5,10.1,7.7,1.9,25.0,Primavera,1
273,1853,2015-03-23,14.8,8.5,7.2,6.0,1.4,54.0,Primavera,0
274,5191,2015-03-24,0.0,14.0,10.0,6.1,4.2,30.0,Primavera,0
275,5312,2015-03-25,0.0,10.3,6.9,3.5,5.6,19.0,Primavera,0
276,6068,2015-03-26,0.0,14.7,8.6,2.5,2.2,30.0,Primavera,0
277,7219,2015-03-27,0.0,20.5,14.6,8.6,1.1,32.0,Primavera,0
278,6947,2015-03-28,0.0,25.0,16.8,8.6,1.7,46.0,Primavera,1
279,6352,2015-03-29,0.0,23.0,17.0,11.1,1.9,26.0,Primavera,1
280,6078,2015-03-30,0.0,26.7,19.8,13.0,2.5,42.0,Primavera,0
281,6252,2015-03-31,0.0,26.6,19.3,12.0,1.4,59.0,Primavera,0
282,5620,2015-04-01,0.0,22.3,16.0,9.8,1.9,28.0,Primavera,0
283,4263,2015-04-02,0.0,23.6,15.6,7.7,1.9,20.0,Primavera,0
284,4098,2015-04-03,0.0,24.0,18.2,12.3,1.7,19.0,Primavera,0
285,4535,2015-04-04,0.0,22.0,15.9,9.8,3.1,18.0,Primavera,1
286,5365,2015-04-05,0.0,23.7,16.4,9.0,1.4,17.0,Primavera,1
287,6218,2015-04-06,0.0,21.2,15.4,9.6,1.9,23.0,Primavera,0
288,6651,2015-04-07,0.0,18.3,13.2,8.2,3.1,21.0,Primavera,0
289,6225,2015-04-08,0.0,18.0,12.4,6.7,3.3,22.0,Primavera,0
290,4384,2015-04-09,5.8,10.8,8.4,6.1,2.5,35.0,Primavera,0
291,7065,2015-04-10,0.0,16.6,12.6,8.5,1.1,36.0,Primavera,0
292,7365,2015-04-11,0.0,22.0,15.9,9.8,2.5,25.0,Primavera,1
293,7046,2015-04-12,0.0,21.2,16.0,10.8,2.5,21.0,Primavera,1
294,6609,2015-04-13,0.0,23.0,17.8,12.7,4.7,28.0,Primavera,0
295,7441,2015-04-14,0.1,24.5,18.2,11.8,4.2,31.0,Primavera,0
296,6341,2015-04-15,18.2,18.8,15.1,11.4,1.9,31.0,Primavera,0
297,6885,2015-04-16,0.0,16.7,13.4,10.2,2.8,24.0,Primavera,0
298,8056,2015-04-17,0.0,20.0,15.8,11.6,1.7,24.0,Primavera,0
299,7429,2015-04-18,0.0,18.9,14.0,9.2,3.1,29.0,Primavera,1
300,6794,2015-04-19,0.0,18.8,13.0,7.2,0.8,14.0,Primavera,1
301,6822,2015-04-20,0.0,21.3,15.0,8.6,2.2,34.0,Primavera,0
302,7298,2015-04-21,0.0,22.1,17.0,12.0,3.6,26.0,Primavera,0
303,7899,2015-04-22,0.0,21.6,16.7,11.8,2.2,20.0,Primavera,0
304,8572,2015-04-23,0.0,23.6,17.0,10.4,1.7,38.0,Primavera,0
305,8637,2015-04-24,0.0,22.5,17.3,12.1,1.7,45.0,Primavera,0
306,7266,2015-04-25,5.5,18.8,15.2,11.6,2.8,14.0,Primavera,1
307,3364,2015-04-26,17.5,15.0,12.1,9.2,0.6,19.0,Primavera,1
308,6192,2015-04-27,0.0,16.6,12.3,8.0,2.2,19.0,Primavera,0
309,7553,2015-04-28,0.0,19.5,14.0,8.6,2.2,26.0,Primavera,0
310,8312,2015-04-29,0.0,20.8,15.7,10.6,2.2,21.0,Primavera,0
311,8368,2015-04-30,0.0,23.0,16.5,10.0,1.7,34.0,Primavera,0
312,6917,2015-05-01,0.0,23.7,18.3,12.9,1.9,16.0,Primavera,0
313,6746,2015-05-02,0.0,26.4,20.3,14.2,2.8,16.0,Primavera,1
314,6137,2015-05-03,0.1,21.4,19.1,16.8,1.4,19.0,Primavera,1
315,7055,2015-05-04,0.0,26.9,20.8,14.6,2.2,29.0,Primavera,0
316,7811,2015-05-05,0.0,21.0,16.2,11.5,3.1,11.0,Primavera,0
317,8405,2015-05-06,0.0,23.0,16.2,9.4,1.4,25.0,Primavera,0
318,8910,2015-05-07,0.0,28.2,19.6,11.1,1.9,50.0,Primavera,0
319,9495,2015-05-08,0.0,24.7,18.8,12.9,3.3,22.0,Primavera,0
320,9138,2015-05-09,0.0,28.2,20.6,13.0,1.4,34.0,Primavera,1
321,8998,2015-05-10,0.0,31.5,24.0,16.4,1.7,41.0,Primavera,1
322,8151,2015-05-11,0.0,32.4,24.8,17.2,1.4,38.0,Primavera,0
323,8899,2015-05-12,0.0,33.3,25.2,17.2,1.7,43.0,Primavera,0
324,9145,2015-05-13,0.0,35.5,27.5,19.5,2.2,66.0,Primavera,0
325,9372,2015-05-14,0.0,32.5,24.4,16.4,2.5,35.0,Primavera,0
326,7711,2015-05-15,0.0,23.0,17.4,11.8,3.9,11.0,Primavera,0
327,7979,2015-05-16,0.0,27.7,19.0,10.4,2.8,13.0,Primavera,1
328,7696,2015-05-17,0.0,30.0,21.8,13.6,1.7,17.0,Primavera,1
329,8541,2015-05-18,0.0,31.6,24.0,16.4,2.2,25.0,Primavera,0
330,8514,2015-05-19,0.0,22.8,16.6,10.4,5.0,22.0,Primavera,0
331,8772,2015-05-20,0.0,21.6,14.5,7.4,2.8,15.0,Primavera,0
332,8820,2015-05-21,0.0,22.3,15.4,8.4,2.8,14.0,Primavera,0
333,8934,2015-05-22,0.0,22.7,15.2,7.7,3.3,16.0,Primavera,0
334,8489,2015-05-23,0.0,23.8,16.6,9.5,3.6,11.0,Primavera,1
335,8739,2015-05-24,0.0,24.7,18.0,11.4,2.5,10.0,Primavera,1
336,8409,2015-05-25,0.0,25.8,19.8,13.7,1.9,17.0,Primavera,0
337,9193,2015-05-26,0.0,27.9,20.2,12.5,2.8,18.0,Primavera,0
338,9484,2015-05-27,0.0,29.3,21.3,13.3,3.1,21.0,Primavera,0
339,9765,2015-05-28,0.0,31.3,23.8,16.2,1.4,28.0,Primavera,0
340,9860,2015-05-29,0.0,30.4,23.8,17.1,2.2,34.0,Primavera,0
341,8923,2015-05-30,0.0,29.9,22.4,15.0,1.9,27.0,Primavera,1
342,9047,2015-05-31,0.0,30.8,23.6,16.3,1.9,17.0,Primavera,1
343,8862,2015-06-01,0.0,31.5,24.4,17.4,2.2,27.0,Primavera,0
344,9786,2015-06-02,0.0,32.6,25.5,18.4,1.9,28.0,Primavera,0
345,10329,2015-06-03,0.0,33.6,26.7,19.8,2.5,28.0,Primavera,0
346,9410,2015-06-04,0.0,32.3,25.8,19.2,1.4,13.0,Primavera,0
347,9287,2015-06-05,0.0,32.2,25.1,18.0,1.7,23.0,Primavera,0
348,8501,2015-06-06,0.0,34.0,26.7,19.4,1.7,20.0,Primavera,1
349,8580,2015-06-07,0.0,34.1,27.6,21.2,2.5,16.0,Primavera,1
350,9342,2015-06-08,0.0,33.0,26.4,19.8,1.7,25.0,Primavera,0
351,9573,2015-06-09,0.7,32.3,25.4,18.4,2.5,23.0,Primavera,0
352,8880,2015-06-10,9.1,27.3,22.2,17.0,1.7,31.0,Primavera,0
353,8759,2015-06-11,20.7,22.5,19.0,15.4,2.2,30.0,Primavera,0
354,10641,2015-06-12,0.0,23.0,18.8,14.5,3.3,19.0,Primavera,0
355,9953,2015-06-13,0.0,22.1,18.6,15.1,2.5,20.0,Primavera,1
356,8514,2015-06-14,2.8,22.4,17.5,12.6,2.5,9.0,Primavera,1
357,7744,2015-06-15,2.2,20.6,16.1,11.6,0.3,21.0,Primavera,0
358,10044,2015-06-16,0.0,25.4,19.0,12.6,1.4,23.0,Primavera,0
359,10602,2015-06-17,0.0,26.8,20.7,14.6,2.5,20.0,Primavera,0
360,11349,2015-06-18,0.0,30.0,22.4,14.7,1.9,22.0,Primavera,0
361,11743,2015-06-19,0.0,32.4,25.0,17.7,2.2,22.0,Primavera,0
362,10192,2015-06-20,0.0,33.7,25.5,17.3,1.7,19.0,Primavera,1
363,9353,2015-06-21,0.1,35.1,27.6,20.0,1.9,17.0,Verano,1
364,9903,2015-06-22,0.0,34.0,28.0,22.0,2.2,32.0,Verano,0
365,9334,2015-06-23,9.0,31.6,25.3,19.0,1.7,25.0,Verano,0
366,11459,2015-06-24,0.0,30.4,23.9,17.4,0.8,21.0,Verano,0
367,12147,2015-06-25,0.0,32.8,26.0,19.3,1.7,28.0,Verano,0
368,11479,2015-06-26,0.0,35.4,27.6,19.9,1.7,50.0,Verano,0
369,9229,2015-06-27,0.0,37.3,29.0,20.8,1.9,33.0,Verano,1
370,8935,2015-06-28,0.0,38.8,30.5,22.2,1.7,29.0,Verano,1
371,9720,2015-06-29,0.0,39.3,32.1,24.9,1.1,29.0,Verano,0
372,10530,2015-06-30,0.0,38.4,31.5,24.6,3.1,35.0,Verano,0
373,11245,2015-07-01,0.0,35.6,29.2,22.7,2.2,23.0,Verano,0
374,11512,2015-07-02,0.0,33.0,27.6,22.2,1.4,22.0,Verano,0
375,11083,2015-07-03,0.0,36.5,29.4,22.4,2.8,19.0,Verano,0
376,9401,2015-07-04,0.0,36.7,30.0,23.2,1.4,16.0,Verano,1
377,7738,2015-07-05,0.0,37.1,30.3,23.5,1.9,24.0,Verano,1
378,8826,2015-07-06,0.0,39.6,31.8,24.0,2.2,43.0,Verano,0
379,9812,2015-07-07,0.0,38.3,30.6,22.8,3.1,41.0,Verano,0
380,10855,2015-07-08,0.0,38.2,31.2,24.1,3.1,34.0,Verano,0
381,12130,2015-07-09,0.0,38.9,30.4,22.0,2.5,25.0,Verano,0
382,11325,2015-07-10,0.0,37.4,30.0,22.7,2.8,36.0,Verano,0
383,9101,2015-07-11,0.0,37.4,29.9,22.4,1.9,22.0,Verano,1
384,8299,2015-07-12,0.0,37.5,30.4,23.2,1.7,17.0,Verano,1
385,10507,2015-07-13,0.0,38.6,31.4,24.2,1.7,26.0,Verano,0
386,10979,2015-07-14,0.0,39.5,32.0,24.4,1.7,28.0,Verano,0
387,11589,2015-07-15,0.0,39.4,32.0,24.5,1.4,31.0,Verano,0
388,11593,2015-07-16,0.0,38.3,31.2,24.2,2.2,41.0,Verano,0
389,10981,2015-07-17,0.0,36.3,31.0,25.6,1.4,24.0,Verano,0
390,9142,2015-07-18,0.0,33.6,28.5,23.4,2.8,15.0,Verano,1
391,8316,2015-07-19,0.0,34.4,28.4,22.4,1.1,15.0,Verano,1
392,10049,2015-07-20,0.0,36.8,30.1,23.4,1.7,21.0,Verano,0
393,10447,2015-07-21,0.0,37.3,30.0,22.8,2.5,27.0,Verano,0
394,10544,2015-07-22,3.6,34.2,29.1,24.0,1.1,22.0,Verano,0
395,11251,2015-07-23,0.0,36.9,29.2,21.6,2.5,25.0,Verano,0
396,10465,2015-07-24,0.0,34.3,28.0,21.8,2.2,28.0,Verano,0
397,8618,2015-07-25,0.0,33.8,26.9,20.0,1.4,14.0,Verano,1
398,7977,2015-07-26,0.0,36.3,29.2,22.0,2.5,14.0,Verano,1
399,9443,2015-07-27,0.0,37.6,30.6,23.7,1.7,19.0,Verano,0
400,10363,2015-07-28,0.0,38.0,30.5,23.0,1.9,26.0,Verano,0
401,10827,2015-07-29,0.0,36.8,29.6,22.5,2.2,23.0,Verano,0
402,10578,2015-07-30,0.0,34.3,28.2,22.0,2.2,20.0,Verano,0
403,9814,2015-07-31,0.0,30.5,25.0,19.6,3.1,19.0,Verano,0
404,8081,2015-08-01,0.0,31.7,24.6,17.6,1.1,12.0,Verano,1
405,7509,2015-08-02,0.0,34.6,27.9,21.2,1.9,16.0,Verano,1
406,8437,2015-08-03,0.0,35.5,29.2,23.0,2.8,32.0,Verano,0
407,8906,2015-08-04,0.0,34.5,28.0,21.5,1.7,15.0,Verano,0
408,9327,2015-08-05,0.0,35.5,28.6,21.6,1.7,27.0,Verano,0
409,9575,2015-08-06,0.0,37.2,28.5,19.8,2.8,36.0,Verano,0
410,8671,2015-08-07,0.0,35.4,27.9,20.4,2.2,29.0,Verano,0
411,7554,2015-08-08,0.0,33.6,27.1,20.6,2.8,15.0,Verano,1
412,6969,2015-08-09,0.0,33.3,24.8,16.2,1.9,13.0,Verano,1
413,7986,2015-08-10,0.0,36.8,27.7,18.6,1.7,22.0,Verano,0
414,8750,2015-08-11,0.0,34.0,27.6,21.3,2.5,24.0,Verano,0
415,9132,2015-08-12,0.0,32.6,26.2,19.8,1.4,22.0,Verano,0
416,8974,2015-08-13,0.0,27.5,22.1,16.7,3.6,9.0,Verano,0
417,8165,2015-08-14,0.0,27.0,21.0,15.0,1.9,12.0,Verano,0
418,7000,2015-08-15,0.0,28.2,22.9,17.6,1.4,9.0,Verano,1
419,6770,2015-08-16,0.0,29.5,23.5,17.5,1.7,9.0,Verano,1
420,8362,2015-08-17,0.0,31.7,25.6,19.6,1.7,13.0,Verano,0
421,8796,2015-08-18,0.0,32.3,25.8,19.2,1.7,14.0,Verano,0
422,8910,2015-08-19,0.0,32.4,25.3,18.2,1.4,19.0,Verano,0
423,9408,2015-08-20,0.0,34.2,27.0,19.8,1.4,26.0,Verano,0
424,8737,2015-08-21,0.9,33.1,27.6,22.0,1.1,29.0,Verano,0
425,7668,2015-08-22,0.0,31.7,24.6,17.4,2.5,13.0,Verano,1
426,7911,2015-08-23,0.1,26.0,22.0,18.0,3.9,9.0,Verano,1
427,8635,2015-08-24,0.0,24.8,19.2,13.6,2.2,9.0,Verano,0
428,9397,2015-08-25,0.0,29.0,21.7,14.4,0.8,24.0,Verano,0
429,10135,2015-08-26,0.0,32.1,25.4,18.6,1.7,33.0,Verano,0
430,10421,2015-08-27,0.0,32.3,25.2,18.2,2.5,27.0,Verano,0
431,10309,2015-08-28,0.0,34.2,25.6,17.0,1.4,38.0,Verano,0
432,9433,2015-08-29,0.0,34.8,28.4,22.0,2.8,17.0,Verano,1
433,8022,2015-08-30,2.3,34.8,28.2,21.5,2.5,11.0,Verano,1
434,9601,2015-08-31,0.0,28.0,23.9,19.8,1.9,26.0,Verano,0
435,11238,2015-09-01,0.0,30.0,24.0,18.0,1.7,30.0,Verano,0
436,11942,2015-09-02,0.0,29.5,24.4,19.2,2.2,24.0,Verano,0
437,12919,2015-09-03,0.0,26.5,21.6,16.7,1.1,17.0,Verano,0
438,12253,2015-09-04,0.5,26.0,21.0,16.1,2.2,16.0,Verano,0
439,10598,2015-09-05,0.0,26.8,20.2,13.5,1.4,14.0,Verano,1
440,10629,2015-09-06,0.3,27.1,21.8,16.6,0.8,18.0,Verano,1
441,10586,2015-09-07,0.7,27.3,21.8,16.2,2.2,26.0,Verano,0
442,12325,2015-09-08,0.0,27.7,20.8,14.0,1.4,27.0,Verano,0
443,12863,2015-09-09,0.0,28.2,21.8,15.5,2.5,39.0,Verano,0
444,13747,2015-09-10,0.0,28.0,22.7,17.4,1.9,33.0,Verano,0
445,13558,2015-09-11,0.0,30.1,23.4,16.8,2.2,33.0,Verano,0
446,11419,2015-09-12,0.0,27.4,23.2,19.0,1.9,34.0,Verano,1
447,10394,2015-09-13,0.0,24.4,20.6,16.8,3.6,10.0,Verano,1
448,11076,2015-09-14,0.0,24.2,19.0,13.8,2.2,14.0,Verano,0
449,10079,2015-09-15,0.9,19.8,17.1,14.4,2.2,20.0,Verano,0
450,7669,2015-09-16,7.0,21.7,18.0,14.4,3.6,16.0,Verano,0
451,11883,2015-09-17,0.0,20.0,15.0,10.0,1.9,20.0,Verano,0
452,13478,2015-09-18,0.0,23.8,17.5,11.2,1.7,34.0,Verano,0
453,12287,2015-09-19,0.0,25.4,19.3,13.2,0.8,32.0,Verano,1
454,11685,2015-09-20,0.0,28.1,21.3,14.5,1.1,32.0,Verano,1
455,12068,2015-09-21,0.0,29.0,21.5,14.0,1.7,41.0,Otoño,0
456,13662,2015-09-22,0.0,28.4,21.0,13.7,1.7,40.0,Otoño,0
457,13555,2015-09-23,0.0,24.1,19.6,15.0,3.1,24.0,Otoño,0
458,14077,2015-09-24,0.0,27.1,20.6,14.1,1.4,38.0,Otoño,0
459,14976,2015-09-25,0.0,28.9,22.4,16.0,1.4,,Otoño,0
460,13485,2015-09-26,0.0,28.0,22.3,16.6,0.8,,Otoño,1
461,12377,2015-09-27,0.0,26.5,21.2,16.0,0.3,31.0,Otoño,1
462,11880,2015-09-28,0.0,24.2,19.0,13.8,1.4,25.0,Otoño,0
463,12505,2015-09-29,0.0,23.6,18.2,12.7,1.7,28.0,Otoño,0
464,13490,2015-09-30,0.0,23.4,19.4,15.3,1.1,29.0,Otoño,0
465,13882,2015-10-01,0.0,25.0,18.7,12.4,1.9,49.0,Otoño,0
466,15009,2015-10-02,0.0,25.5,19.8,14.0,1.9,29.0,Otoño,0
467,13645,2015-10-03,0.2,23.7,19.1,14.5,1.1,36.0,Otoño,1
468,11192,2015-10-04,4.2,22.0,18.8,15.5,2.2,24.0,Otoño,1
469,9810,2015-10-05,16.3,22.4,19.6,16.7,4.2,19.0,Otoño,0
470,12174,2015-10-06,0.0,20.7,17.4,14.0,3.3,15.0,Otoño,0
471,12292,2015-10-07,0.0,20.2,16.2,12.2,0.6,31.0,Otoño,0
472,13045,2015-10-08,0.0,22.0,16.8,11.6,0.8,37.0,Otoño,0
473,13525,2015-10-09,0.0,21.5,16.7,11.9,1.4,47.0,Otoño,0
474,11026,2015-10-10,3.8,22.3,16.6,10.8,1.7,42.0,Otoño,1
475,9000,2015-10-11,0.3,19.8,16.8,13.7,1.9,16.0,Otoño,1
476,10093,2015-10-12,0.0,21.8,18.2,14.6,0.6,16.0,Otoño,0
477,8567,2015-10-13,2.3,15.7,13.4,11.2,1.9,34.0,Otoño,0
478,11475,2015-10-14,0.0,17.2,12.3,7.4,0.8,38.0,Otoño,0
479,12349,2015-10-15,0.0,19.1,13.3,7.5,0.8,48.0,Otoño,0
480,13346,2015-10-16,0.0,20.0,14.0,8.0,0.6,60.0,Otoño,0
481,9709,2015-10-17,8.4,22.6,17.6,12.7,1.1,38.0,Otoño,1
482,6005,2015-10-18,20.9,18.3,16.0,13.6,0.8,27.0,Otoño,1
483,8612,2015-10-19,0.5,19.0,16.1,13.2,1.4,32.0,Otoño,0
484,11120,2015-10-20,0.0,20.0,15.7,11.4,2.8,32.0,Otoño,0
485,11229,2015-10-21,0.0,16.2,11.5,6.8,0.8,36.0,Otoño,0
486,11845,2015-10-22,0.0,18.8,13.0,7.2,1.1,58.0,Otoño,0
487,12461,2015-10-23,0.0,18.4,13.8,9.3,1.1,53.0,Otoño,0
488,12004,2015-10-24,0.0,20.1,15.8,11.6,0.6,52.0,Otoño,1
489,11347,2015-10-25,0.0,20.4,16.9,13.4,1.7,31.0,Otoño,1
490,8135,2015-10-26,0.8,18.2,15.6,13.0,1.4,27.0,Otoño,0
491,8764,2015-10-27,2.8,16.5,12.8,9.2,3.1,25.0,Otoño,0
492,9598,2015-10-28,0.1,15.3,11.9,8.5,2.8,22.0,Otoño,0
493,11033,2015-10-29,0.0,16.3,13.9,11.5,1.1,32.0,Otoño,0
494,12678,2015-10-30,0.0,20.3,15.6,10.9,1.4,44.0,Otoño,0
495,11295,2015-10-31,0.0,19.7,15.8,12.0,1.7,30.0,Otoño,1
496,9313,2015-11-01,17.5,19.0,16.6,14.1,2.8,20.0,Otoño,1
497,4764,2015-11-02,11.7,15.0,12.4,9.9,2.5,29.0,Otoño,0
498,8017,2015-11-03,0.2,13.8,11.5,9.2,1.7,30.0,Otoño,0
499,8993,2015-11-04,0.5,16.0,13.4,10.9,0.8,42.0,Otoño,0
500,10403,2015-11-05,0.0,17.3,14.6,12.0,1.1,37.0,Otoño,0
501,11091,2015-11-06,0.0,19.4,15.4,11.3,0.6,54.0,Otoño,0
502,10243,2015-11-07,0.0,21.4,16.4,11.5,0.8,43.0,Otoño,1
503,9357,2015-11-08,0.0,20.8,16.7,12.6,1.7,36.0,Otoño,1
504,8494,2015-11-09,0.0,20.6,15.8,10.9,0.8,43.0,Otoño,0
505,10056,2015-11-10,0.0,19.2,14.3,9.4,1.1,67.0,Otoño,0
506,10706,2015-11-11,0.0,19.3,13.8,8.4,0.6,71.0,Otoño,0
507,11054,2015-11-12,0.0,19.2,13.4,7.7,0.8,65.0,Otoño,0
508,12787,2015-11-13,0.0,19.2,13.7,8.2,0.8,61.0,Otoño,0
509,11376,2015-11-14,0.0,16.3,13.0,9.6,0.8,0.0,Otoño,1
510,10213,2015-11-15,0.0,17.2,12.2,7.2,0.6,0.0,Otoño,1
511,9545,2015-11-16,0.0,16.0,11.4,6.7,0.8,0.0,Otoño,0
512,10372,2015-11-17,0.0,15.5,10.6,5.7,0.6,61.0,Otoño,0
513,10986,2015-11-18,0.0,18.3,12.2,6.0,0.3,71.0,Otoño,0
514,11280,2015-11-19,0.0,19.0,13.8,8.5,0.6,62.0,Otoño,0
515,12149,2015-11-20,0.0,18.7,13.3,7.9,0.6,66.0,Otoño,0
516,9836,2015-11-21,0.6,15.9,10.2,4.4,2.5,21.0,Otoño,1
517,7103,2015-11-22,0.0,9.0,6.2,3.3,2.2,21.0,Otoño,1
518,7836,2015-11-23,0.0,10.2,6.4,2.7,2.2,34.0,Otoño,0
519,8593,2015-11-24,0.0,10.6,6.3,2.0,0.6,67.0,Otoño,0
520,9730,2015-11-25,0.0,15.8,11.7,7.6,2.5,27.0,Otoño,0
521,10408,2015-11-26,0.0,15.7,11.0,6.2,2.2,52.0,Otoño,0
522,11242,2015-11-27,0.0,15.8,11.4,7.0,1.4,52.0,Otoño,0
523,10296,2015-11-28,0.0,15.4,10.2,5.0,1.1,58.0,Otoño,1
524,8557,2015-11-29,0.0,12.6,7.5,2.4,0.3,57.0,Otoño,1
525,8398,2015-11-30,0.0,14.5,8.0,1.5,0.6,80.0,Otoño,0
526,9038,2015-12-01,0.0,14.0,8.3,2.6,0.6,75.0,Otoño,0
527,9340,2015-12-02,0.0,13.2,8.4,3.7,0.3,111.0,Otoño,0
528,10303,2015-12-03,0.0,14.7,9.5,4.3,0.6,78.0,Otoño,0
529,10806,2015-12-04,0.0,16.3,11.2,6.2,0.3,85.0,Otoño,0
530,9330,2015-12-05,0.0,16.6,11.7,6.8,0.8,75.0,Otoño,1
531,8348,2015-12-06,0.0,15.1,10.5,5.9,0.6,46.0,Otoño,1
532,7860,2015-12-07,0.0,11.7,9.4,7.0,1.1,51.0,Otoño,0
533,7519,2015-12-08,0.0,13.8,10.5,7.2,0.6,54.0,Otoño,0
534,9109,2015-12-09,0.0,14.5,11.4,8.4,1.7,50.0,Otoño,0
535,9840,2015-12-10,0.0,13.1,10.2,7.3,1.4,54.0,Otoño,0
536,11144,2015-12-11,0.0,13.5,11.0,8.5,1.4,48.0,Otoño,0
537,9687,2015-12-12,0.0,11.5,10.0,8.5,0.8,35.0,Otoño,1
538,8502,2015-12-13,0.0,12.2,8.6,5.1,0.8,56.0,Otoño,1
539,7826,2015-12-14,0.2,14.1,11.4,8.8,1.4,49.0,Otoño,0
540,9476,2015-12-15,0.0,15.3,11.6,8.0,0.6,58.0,Otoño,0
541,9902,2015-12-16,0.0,15.5,10.8,6.2,0.6,64.0,Otoño,0
542,10377,2015-12-17,0.0,14.8,10.4,6.0,0.0,73.0,Otoño,0
543,10936,2015-12-18,0.0,14.9,11.0,7.1,0.3,79.0,Otoño,0
544,10060,2015-12-19,0.0,15.4,10.8,6.3,0.8,71.0,Otoño,1
545,8358,2015-12-20,0.0,15.3,10.8,6.4,0.8,51.0,Otoño,1
546,8670,2015-12-21,0.0,13.3,9.2,5.0,0.8,66.0,Invierno,0
547,9345,2015-12-22,0.0,14.6,9.6,4.5,0.6,73.0,Invierno,0
548,8595,2015-12-23,0.0,14.2,9.4,4.6,0.3,77.0,Invierno,0
549,4942,2015-12-24,0.0,10.0,6.6,3.2,0.3,64.0,Invierno,0
550,3229,2015-12-25,0.0,13.2,8.0,2.9,0.3,55.0,Invierno,0
551,4831,2015-12-26,0.0,11.1,7.3,3.5,0.3,47.0,Invierno,1
552,5268,2015-12-27,0.0,13.5,9.4,5.4,2.2,35.0,Invierno,1
553,4701,2015-12-28,3.3,14.1,10.2,6.2,2.2,44.0,Invierno,0
554,6205,2015-12-29,0.0,10.6,8.1,5.6,1.1,40.0,Invierno,0
555,6758,2015-12-30,0.5,10.4,8.6,6.8,0.3,38.0,Invierno,0
556,4696,2015-12-31,0.1,12.2,10.7,9.2,1.4,42.0,Invierno,0
557,3369,2016-01-01,3.2,14.4,11.3,8.2,1.9,31.0,Invierno,0
558,4738,2016-01-02,0.0,11.4,8.2,5.0,1.9,21.0,Invierno,1
559,3919,2016-01-03,0.4,11.9,8.3,4.7,2.5,30.0,Invierno,1
560,4219,2016-01-04,4.1,13.5,10.2,6.8,6.4,20.0,Invierno,0
561,6712,2016-01-05,0.0,9.6,6.8,4.1,3.1,21.0,Invierno,0
562,3574,2016-01-06,0.3,8.9,5.2,1.4,2.2,20.0,Invierno,0
563,6643,2016-01-07,0.5,14.4,11.6,8.9,4.4,18.0,Invierno,0
564,6621,2016-01-08,6.0,12.9,11.6,10.4,1.9,26.0,Invierno,0
565,6132,2016-01-09,0.2,11.5,9.8,8.2,2.5,24.0,Invierno,1
566,3233,2016-01-10,12.0,12.0,10.2,8.5,3.9,13.0,Invierno,1
567,5910,2016-01-11,0.4,11.3,8.2,5.2,3.6,,Invierno,0
568,7710,2016-01-12,0.0,10.6,6.8,3.1,1.4,43.0,Invierno,0
569,8069,2016-01-13,0.0,9.6,5.8,2.0,0.6,57.0,Invierno,0
570,5378,2016-01-14,2.1,8.6,6.2,3.8,0.6,56.0,Invierno,0
571,8043,2016-01-15,0.0,9.6,6.8,4.0,2.2,37.0,Invierno,0
572,7218,2016-01-16,0.0,8.3,4.4,0.6,1.9,33.0,Invierno,1
573,5755,2016-01-17,0.0,7.0,3.0,-0.9,0.6,57.0,Invierno,1
574,7002,2016-01-18,0.0,9.8,6.0,2.2,2.8,41.0,Invierno,0
575,7669,2016-01-19,0.0,8.8,5.8,2.7,1.1,46.0,Invierno,0
576,7881,2016-01-20,0.0,9.2,5.4,1.6,0.3,57.0,Invierno,0
577,7960,2016-01-21,0.0,9.0,6.8,4.6,0.3,52.0,Invierno,0
578,7674,2016-01-22,0.8,11.3,8.6,6.0,1.1,62.0,Invierno,0
579,8214,2016-01-23,0.0,16.2,12.2,8.2,1.1,45.0,Invierno,1
580,8189,2016-01-24,0.0,17.5,12.8,8.2,0.6,38.0,Invierno,1
581,8115,2016-01-25,0.0,16.4,12.2,8.0,0.8,57.0,Invierno,0
582,8852,2016-01-26,0.0,14.4,10.7,7.0,0.8,48.0,Invierno,0
583,8284,2016-01-27,0.0,10.1,8.6,7.0,0.6,51.0,Invierno,0
584,6189,2016-01-28,3.7,9.6,8.5,7.4,1.1,47.0,Invierno,0
585,7609,2016-01-29,0.5,10.6,8.6,6.5,1.9,50.0,Invierno,0
586,7832,2016-01-30,0.0,12.9,8.6,4.2,1.1,35.0,Invierno,1
587,7424,2016-01-31,0.0,14.8,10.9,7.0,0.3,39.0,Invierno,1
588,8451,2016-02-01,0.0,15.4,10.4,5.3,0.6,60.0,Invierno,0
589,8741,2016-02-02,0.0,14.2,10.0,5.8,0.3,60.0,Invierno,0
590,9214,2016-02-03,0.0,14.4,10.0,5.7,2.8,34.0,Invierno,0
591,8992,2016-02-04,0.0,11.2,7.4,3.5,1.4,37.0,Invierno,0
592,9145,2016-02-05,0.0,10.7,7.0,3.2,0.8,51.0,Invierno,0
593,6781,2016-02-06,13.8,11.5,7.0,2.5,1.4,45.0,Invierno,1
594,5337,2016-02-07,0.0,10.6,7.2,3.9,1.7,17.0,Invierno,1
595,7387,2016-02-08,0.0,12.2,8.8,5.5,2.5,25.0,Invierno,0
596,7429,2016-02-09,0.6,12.6,10.6,8.6,4.7,16.0,Invierno,0
597,8634,2016-02-10,0.0,14.3,11.4,8.5,4.4,17.0,Invierno,0
598,7491,2016-02-11,2.8,16.2,13.4,10.5,2.8,20.0,Invierno,0
599,5129,2016-02-12,6.2,13.5,11.2,8.8,4.2,19.0,Invierno,0
600,5180,2016-02-13,2.3,13.8,12.7,11.6,4.4,12.0,Invierno,1
601,4131,2016-02-14,2.4,12.0,8.2,4.4,3.6,13.0,Invierno,1
602,6740,2016-02-15,0.0,10.5,6.8,3.0,4.2,21.0,Invierno,0
603,7308,2016-02-16,0.0,8.5,4.6,0.7,3.6,24.0,Invierno,0
604,7468,2016-02-17,2.2,8.6,3.0,-2.5,1.4,42.0,Invierno,0
605,6715,2016-02-18,1.7,10.2,6.8,3.4,1.4,34.0,Invierno,0
606,8267,2016-02-19,0.0,11.0,6.2,1.5,2.5,35.0,Invierno,0
607,7314,2016-02-20,0.0,13.5,7.8,2.2,1.4,41.0,Invierno,1
608,6678,2016-02-21,0.0,13.7,9.0,4.2,1.4,35.0,Invierno,1
609,7883,2016-02-22,0.0,15.2,10.1,5.0,1.1,46.0,Invierno,0
610,8821,2016-02-23,0.0,15.0,10.0,4.9,1.7,45.0,Invierno,0
611,6959,2016-02-24,1.5,10.7,7.4,4.2,2.2,44.0,Invierno,0
612,8496,2016-02-25,0.0,13.0,8.7,4.4,2.5,26.0,Invierno,0
613,4576,2016-02-26,5.8,8.2,5.8,3.3,1.9,30.0,Invierno,0
614,5636,2016-02-27,0.0,8.2,5.4,2.6,4.2,12.0,Invierno,1
615,5276,2016-02-28,0.0,11.7,7.7,3.7,3.3,19.0,Invierno,1
616,7716,2016-02-29,0.0,13.4,8.2,2.9,1.9,33.0,Invierno,0
617,8496,2016-03-01,0.0,16.6,9.1,1.6,0.6,58.0,Invierno,0
618,9229,2016-03-02,0.0,18.5,11.3,4.1,2.5,49.0,Invierno,0
619,9352,2016-03-03,0.0,15.5,10.2,4.8,1.9,33.0,Invierno,0
620,8423,2016-03-04,1.5,15.2,9.8,4.4,3.1,45.0,Invierno,0
621,6171,2016-03-05,0.0,10.8,6.8,2.8,2.2,15.0,Invierno,1
622,5793,2016-03-06,1.1,11.3,6.6,2.0,2.2,16.0,Invierno,1
623,6226,2016-03-07,0.5,10.5,7.0,3.6,3.6,24.0,Invierno,0
624,8027,2016-03-08,0.0,10.9,7.4,3.8,3.3,24.0,Invierno,0
625,8058,2016-03-09,0.0,14.5,8.8,3.1,3.6,38.0,Invierno,0
626,8448,2016-03-10,0.0,11.4,7.2,3.0,3.6,23.0,Invierno,0
627,8943,2016-03-11,0.0,13.9,9.0,4.2,2.5,25.0,Invierno,0
628,7466,2016-03-12,0.0,13.7,7.6,1.5,1.1,33.0,Invierno,1
629,6989,2016-03-13,0.0,15.3,9.0,2.6,1.1,30.0,Invierno,1
630,7819,2016-03-14,0.0,13.1,7.8,2.5,1.9,34.0,Invierno,0
631,8757,2016-03-15,0.0,14.9,9.0,3.0,2.2,38.0,Invierno,0
632,9367,2016-03-16,0.0,16.4,9.6,2.7,1.4,66.0,Invierno,0
633,9640,2016-03-17,0.0,16.2,10.6,5.1,2.5,49.0,Invierno,0
634,7918,2016-03-18,18.4,14.0,9.3,4.6,2.2,34.0,Invierno,0
635,4456,2016-03-19,0.2,12.4,9.8,7.3,2.5,23.0,Invierno,1
636,4704,2016-03-20,0.1,13.7,9.1,4.5,0.6,28.0,Invierno,1
637,4085,2016-03-21,19.8,14.2,10.0,5.9,1.7,39.0,Primavera,0
638,6274,2016-03-22,0.1,14.6,10.1,5.6,1.9,27.0,Primavera,0
639,6111,2016-03-23,0.0,14.0,9.2,4.3,1.9,36.0,Primavera,0
640,4115,2016-03-24,0.0,19.0,11.0,3.1,1.1,25.0,Primavera,0
641,3565,2016-03-25,0.0,17.2,11.0,4.9,0.8,42.0,Primavera,0
642,4063,2016-03-26,0.5,15.6,10.9,6.2,3.1,29.0,Primavera,1
643,4484,2016-03-27,0.0,15.8,11.6,7.5,3.6,10.0,Primavera,1
644,6427,2016-03-28,0.0,13.5,11.0,8.4,2.8,17.0,Primavera,0
645,8496,2016-03-29,0.0,18.7,13.8,9.0,2.8,22.0,Primavera,0
646,9752,2016-03-30,0.5,22.5,15.2,7.8,1.7,43.0,Primavera,0
647,8675,2016-03-31,0.0,13.2,8.8,4.3,3.9,18.0,Primavera,0
648,9409,2016-04-01,0.0,14.4,9.4,4.5,2.5,18.0,Primavera,0
649,8228,2016-04-02,0.0,17.1,10.3,3.5,2.5,26.0,Primavera,1
650,5656,2016-04-03,6.6,14.6,11.4,8.2,2.8,23.0,Primavera,1
651,2164,2016-04-04,13.2,9.9,8.2,6.6,1.1,40.0,Primavera,0
652,8928,2016-04-05,0.0,16.0,11.5,7.0,3.9,20.0,Primavera,0
653,9910,2016-04-06,0.0,20.1,13.0,6.0,1.9,26.0,Primavera,0
654,10551,2016-04-07,0.0,20.4,13.6,6.7,1.7,29.0,Primavera,0
655,9941,2016-04-08,0.0,14.2,9.8,5.3,3.1,19.0,Primavera,0
656,8593,2016-04-09,0.0,18.8,12.0,5.3,1.9,17.0,Primavera,1
657,5373,2016-04-10,1.9,13.8,10.0,6.3,3.9,12.0,Primavera,1
658,4838,2016-04-11,5.8,13.5,9.2,4.8,1.9,22.0,Primavera,0
659,4193,2016-04-12,11.8,12.7,10.0,7.2,2.2,27.0,Primavera,0
660,8921,2016-04-13,0.0,15.8,11.4,7.0,3.3,23.0,Primavera,0
661,9814,2016-04-14,0.0,18.9,13.4,7.8,1.4,29.0,Primavera,0
662,9310,2016-04-15,1.8,19.4,13.8,8.2,2.8,34.0,Primavera,0
663,4033,2016-04-16,14.7,13.8,11.8,9.9,2.8,21.0,Primavera,1
664,7784,2016-04-17,0.0,17.4,12.2,7.1,2.5,14.0,Primavera,1
665,9486,2016-04-18,0.0,21.6,14.6,7.5,2.5,27.0,Primavera,0
666,5465,2016-04-19,27.8,14.5,12.5,10.5,1.4,37.0,Primavera,0
667,5336,2016-04-20,2.6,12.2,10.4,8.5,1.1,35.0,Primavera,0
668,9379,2016-04-21,1.0,17.4,12.8,8.2,1.7,24.0,Primavera,0
669,9275,2016-04-22,0.0,17.5,13.6,9.6,1.4,32.0,Primavera,0
670,7196,2016-04-23,3.9,18.5,13.8,9.1,1.4,30.0,Primavera,1
671,8467,2016-04-24,0.0,18.2,12.8,7.5,1.7,18.0,Primavera,1
672,9371,2016-04-25,0.0,20.6,13.2,5.8,1.4,33.0,Primavera,0
673,10348,2016-04-26,0.0,22.3,15.0,7.8,2.2,40.0,Primavera,0
674,10338,2016-04-27,1.1,21.6,16.3,11.0,1.7,34.0,Primavera,0
675,9873,2016-04-28,0.0,18.5,14.5,10.5,1.7,23.0,Primavera,0
676,9532,2016-04-29,1.0,19.2,14.8,10.4,1.1,24.0,Primavera,0
677,6957,2016-04-30,0.0,19.8,14.1,8.4,3.1,19.0,Primavera,1
678,5878,2016-05-01,0.0,18.0,11.2,4.5,2.2,11.0,Primavera,1
679,6703,2016-05-02,0.0,23.7,14.3,4.9,1.9,22.0,Primavera,0
680,10253,2016-05-03,0.0,26.5,18.6,10.6,1.7,33.0,Primavera,0
681,11535,2016-05-04,0.0,27.5,20.2,13.0,1.4,39.0,Primavera,0
682,9852,2016-05-05,1.2,20.8,17.6,14.5,2.2,40.0,Primavera,0
683,7185,2016-05-06,8.3,16.2,13.5,10.8,1.4,24.0,Primavera,0
684,6695,2016-05-07,5.7,16.6,13.6,10.6,1.4,11.0,Primavera,1
685,3054,2016-05-08,14.8,12.4,11.0,9.5,2.2,15.0,Primavera,1
686,5317,2016-05-09,7.6,13.7,11.1,8.5,1.9,21.0,Primavera,0
687,5697,2016-05-10,6.6,16.7,12.6,8.4,1.7,31.0,Primavera,0
688,7080,2016-05-11,6.4,15.8,11.4,7.0,0.8,29.0,Primavera,0
689,8743,2016-05-12,0.0,16.0,12.1,8.2,2.5,17.0,Primavera,0
690,8197,2016-05-13,0.3,16.6,12.4,8.3,1.1,22.0,Primavera,0
691,7334,2016-05-14,0.0,19.3,14.2,9.0,0.8,19.0,Primavera,1
692,7474,2016-05-15,0.0,20.3,16.6,13.0,1.9,20.0,Primavera,1
693,8096,2016-05-16,0.0,23.7,16.4,9.2,1.1,19.0,Primavera,0
694,10527,2016-05-17,0.0,25.0,18.5,12.0,1.4,29.0,Primavera,0
695,11489,2016-05-18,0.0,25.9,19.2,12.4,2.5,43.0,Primavera,0
696,11790,2016-05-19,0.0,26.2,19.5,12.8,1.4,19.0,Primavera,0
697,12225,2016-05-20,0.0,28.2,21.1,14.0,1.7,37.0,Primavera,0
698,10361,2016-05-21,0.0,29.2,22.4,15.5,2.5,35.0,Primavera,1
699,8902,2016-05-22,0.0,23.0,18.2,13.4,3.1,11.0,Primavera,1
700,10154,2016-05-23,0.0,22.1,16.2,10.3,1.1,24.0,Primavera,0
701,10947,2016-05-24,0.0,25.6,20.1,14.6,2.5,35.0,Primavera,0
702,10956,2016-05-25,0.0,20.8,17.5,14.2,1.7,17.0,Primavera,0
703,11927,2016-05-26,0.0,24.8,19.4,13.9,1.7,31.0,Primavera,0
704,12026,2016-05-27,0.0,25.6,19.2,12.7,2.2,31.0,Primavera,0
705,7365,2016-05-28,4.2,20.6,16.4,12.2,1.7,19.0,Primavera,1
706,7612,2016-05-29,0.0,19.9,15.6,11.3,3.1,10.0,Primavera,1
707,10238,2016-05-30,0.0,21.6,16.4,11.2,1.7,18.0,Primavera,0
708,11024,2016-05-31,0.0,24.1,17.4,10.8,1.1,20.0,Primavera,0
709,11860,2016-06-01,0.0,27.1,19.6,12.0,1.7,32.0,Primavera,0
710,12091,2016-06-02,0.0,28.5,20.5,12.5,1.1,33.0,Primavera,0
711,11862,2016-06-03,0.6,29.5,22.8,16.0,2.5,42.0,Primavera,0
712,9605,2016-06-04,0.0,27.4,21.0,14.6,1.9,18.0,Primavera,1
713,9158,2016-06-05,0.0,28.4,21.9,15.4,1.9,16.0,Primavera,1
714,11216,2016-06-06,0.0,29.4,22.7,16.0,1.9,31.0,Primavera,0
715,12214,2016-06-07,0.0,32.7,25.6,18.4,1.9,30.0,Primavera,0
716,12863,2016-06-08,0.0,34.2,26.7,19.2,1.7,48.0,Primavera,0
717,12630,2016-06-09,0.0,34.7,27.2,19.7,2.2,33.0,Primavera,0
718,12882,2016-06-10,0.0,31.0,25.2,19.4,3.1,21.0,Primavera,0
719,9684,2016-06-11,0.0,31.2,25.1,19.0,2.5,14.0,Primavera,1
720,8959,2016-06-12,0.0,31.5,24.4,17.2,1.9,14.0,Primavera,1
721,11566,2016-06-13,0.0,31.7,25.4,19.0,3.3,12.0,Primavera,0
722,12381,2016-06-14,0.0,29.2,22.7,16.2,3.3,11.0,Primavera,0
723,11285,2016-06-15,0.5,21.5,17.2,13.0,2.8,10.0,Primavera,0
724,10832,2016-06-16,0.0,19.7,15.2,10.8,3.1,13.0,Primavera,0
725,11401,2016-06-17,0.0,22.5,16.9,11.3,1.9,13.0,Primavera,0
726,8934,2016-06-18,0.0,24.5,19.1,13.7,2.5,11.0,Primavera,1
727,8285,2016-06-19,0.0,27.8,19.8,11.8,1.4,12.0,Primavera,1
728,11266,2016-06-20,0.0,32.3,23.4,14.6,1.4,27.0,Primavera,0
729,12178,2016-06-21,0.0,34.2,26.8,19.5,1.7,25.0,Verano,0
730,12653,2016-06-22,0.0,35.3,27.5,19.7,2.5,22.0,Verano,0
731,12639,2016-06-23,0.0,33.4,26.4,19.3,2.5,23.0,Verano,0
732,12167,2016-06-24,0.0,34.4,27.3,20.2,2.5,43.0,Verano,0
733,8780,2016-06-25,0.0,33.3,26.2,19.0,2.2,14.0,Verano,1
734,8510,2016-06-26,0.0,32.0,24.5,17.0,1.4,10.0,Verano,1
735,11352,2016-06-27,0.0,34.3,26.6,19.0,1.1,24.0,Verano,0
736,12087,2016-06-28,0.0,35.8,28.6,21.3,1.9,32.0,Verano,0
737,12558,2016-06-29,0.0,35.4,28.9,22.4,2.5,31.0,Verano,0
738,12961,2016-06-30,0.0,34.3,27.8,21.2,1.7,33.0,Verano,0
739,11751,2016-07-01,0.0,34.5,27.8,21.0,1.9,31.0,Verano,0
740,8519,2016-07-02,0.0,36.0,28.6,21.2,1.7,32.0,Verano,1
741,7946,2016-07-03,0.0,36.5,28.4,20.4,1.9,16.0,Verano,1
742,10524,2016-07-04,0.2,34.9,28.6,22.4,2.2,21.0,Verano,0
743,12205,2016-07-05,5.5,35.1,27.2,19.3,1.7,30.0,Verano,0
744,11981,2016-07-06,5.7,34.4,26.8,19.2,1.9,25.0,Verano,0
745,11717,2016-07-07,0.0,31.3,25.8,20.4,2.5,27.0,Verano,0
746,11306,2016-07-08,0.0,34.4,27.8,21.3,1.4,40.0,Verano,0
747,8220,2016-07-09,0.0,36.7,29.8,23.0,0.8,22.0,Verano,1
748,7306,2016-07-10,0.0,38.4,31.4,24.4,1.7,25.0,Verano,1
749,11081,2016-07-11,0.0,37.2,31.0,24.9,2.5,28.0,Verano,0
750,12213,2016-07-12,0.0,34.4,28.2,22.0,1.7,24.0,Verano,0
751,12648,2016-07-13,0.0,30.2,23.2,16.2,3.1,14.0,Verano,0
752,12046,2016-07-14,0.0,30.5,21.8,13.0,2.5,19.0,Verano,0
753,11028,2016-07-15,0.0,31.2,22.6,14.0,1.4,27.0,Verano,0
754,7663,2016-07-16,0.0,34.0,26.7,19.4,0.8,24.0,Verano,1
755,7107,2016-07-17,0.0,36.5,28.8,21.2,0.8,22.0,Verano,1
756,10286,2016-07-18,0.0,38.6,30.1,21.6,2.8,23.0,Verano,0
757,11385,2016-07-19,0.0,36.9,29.6,22.2,0.8,26.0,Verano,0
758,11436,2016-07-20,0.0,35.4,29.9,24.4,2.5,29.0,Verano,0
759,11715,2016-07-21,0.0,35.3,28.2,21.0,1.9,31.0,Verano,0
760,10152,2016-07-22,0.0,33.2,26.8,20.4,1.9,17.0,Verano,0
761,6206,2016-07-23,0.0,31.7,24.8,17.8,2.8,7.0,Verano,1
762,5615,2016-07-24,0.0,33.2,26.2,19.2,1.4,9.0,Verano,1
763,6071,2016-07-25,0.0,36.6,29.0,21.4,1.7,11.0,Verano,0
764,10209,2016-07-26,0.0,38.0,30.6,23.3,1.4,18.0,Verano,0
765,10951,2016-07-27,0.0,38.0,31.0,24.1,1.7,17.0,Verano,0
766,11138,2016-07-28,0.0,37.4,30.3,23.2,1.9,20.0,Verano,0
767,10110,2016-07-29,0.0,38.4,31.5,24.6,2.8,21.0,Verano,0
768,7009,2016-07-30,0.0,35.7,30.0,24.4,3.3,19.0,Verano,1
769,6726,2016-07-31,0.0,34.4,27.2,19.9,1.7,10.0,Verano,1
770,8628,2016-08-01,0.0,34.7,27.6,20.6,1.4,15.0,Verano,0
771,8900,2016-08-02,0.0,36.7,29.4,22.2,1.9,21.0,Verano,0
772,9396,2016-08-03,0.0,37.9,30.6,23.3,1.7,30.0,Verano,0
773,9293,2016-08-04,0.0,36.0,29.3,22.6,2.8,23.0,Verano,0
774,8371,2016-08-05,0.0,33.0,26.8,20.6,2.2,12.0,Verano,0
775,5758,2016-08-06,0.0,35.2,27.6,20.0,2.2,13.0,Verano,1
776,5413,2016-08-07,0.0,36.2,28.0,19.7,1.9,12.0,Verano,1
777,7363,2016-08-08,0.0,35.4,28.9,22.4,0.3,23.0,Verano,0
778,7729,2016-08-09,0.0,35.3,27.5,19.7,1.1,25.0,Verano,0
779,7980,2016-08-10,0.0,29.5,23.0,16.6,3.3,9.0,Verano,0
780,7932,2016-08-11,0.0,31.0,23.4,15.9,1.9,16.0,Verano,0
781,6981,2016-08-12,0.0,33.0,25.8,18.6,1.1,17.0,Verano,0
782,5006,2016-08-13,0.0,34.2,27.4,20.6,1.1,12.0,Verano,1
783,4671,2016-08-14,0.0,34.4,27.4,20.3,1.7,11.0,Verano,1
784,4916,2016-08-15,0.0,34.1,27.7,21.3,1.7,10.0,Verano,0
785,7307,2016-08-16,0.0,34.2,28.0,21.7,1.9,18.0,Verano,0
786,7701,2016-08-17,0.0,33.6,26.8,20.0,1.1,23.0,Verano,0
787,7991,2016-08-18,0.0,33.7,27.2,20.6,1.7,21.0,Verano,0
788,7511,2016-08-19,0.0,34.9,27.6,20.4,1.4,16.0,Verano,0
789,5738,2016-08-20,0.0,33.0,27.5,22.0,2.2,10.0,Verano,1
790,5577,2016-08-21,0.0,32.5,25.4,18.2,1.9,13.0,Verano,1
791,8095,2016-08-22,0.0,35.3,28.4,21.4,1.4,19.0,Verano,0
792,8495,2016-08-23,0.0,36.0,29.6,23.2,1.4,26.0,Verano,0
793,9040,2016-08-24,0.0,34.7,28.0,21.4,1.9,19.0,Verano,0
794,9013,2016-08-25,0.0,34.5,27.6,20.6,1.4,19.0,Verano,0
795,8348,2016-08-26,0.0,33.3,27.4,21.4,1.4,24.0,Verano,0
796,6998,2016-08-27,0.0,35.5,28.9,22.3,2.2,17.0,Verano,1
797,6451,2016-08-28,0.0,35.4,28.7,22.0,1.7,30.0,Verano,1
798,9176,2016-08-29,0.0,34.5,28.0,21.5,2.5,18.0,Verano,0
799,10113,2016-08-30,0.0,32.5,25.2,18.0,1.9,17.0,Verano,0
800,10646,2016-08-31,0.0,33.3,26.9,20.5,1.1,21.0,Verano,0
801,10919,2016-09-01,0.0,34.0,27.8,21.6,1.7,18.0,Verano,0
802,10929,2016-09-02,0.0,34.1,27.2,20.2,0.8,30.0,Verano,0
803,8301,2016-09-03,0.0,36.0,29.2,22.4,1.4,36.0,Verano,1
804,7925,2016-09-04,0.0,37.0,29.6,22.2,1.7,39.0,Verano,1
805,10470,2016-09-05,0.0,37.4,29.9,22.4,1.4,35.0,Verano,0
806,10927,2016-09-06,0.0,38.9,30.6,22.4,1.1,43.0,Verano,0
807,11193,2016-09-07,0.0,38.5,31.0,23.4,2.5,38.0,Verano,0
808,11283,2016-09-08,0.0,33.4,26.9,20.4,1.7,28.0,Verano,0
809,10819,2016-09-09,0.0,31.0,25.4,19.9,1.4,20.0,Verano,0
810,7990,2016-09-10,0.0,32.0,26.2,20.5,1.1,14.0,Verano,1
811,7576,2016-09-11,0.0,32.2,26.4,20.6,1.1,19.0,Verano,1
812,9565,2016-09-12,0.9,33.4,26.8,20.1,1.4,34.0,Verano,0
813,8067,2016-09-13,7.0,25.3,19.8,14.2,2.8,23.0,Verano,0
814,9261,2016-09-14,0.2,18.2,15.7,13.2,2.2,19.0,Verano,0
815,9846,2016-09-15,0.0,20.2,15.4,10.5,1.4,25.0,Verano,0
816,9495,2016-09-16,0.0,24.5,18.6,12.6,1.1,32.0,Verano,0
817,7241,2016-09-17,0.0,23.4,18.5,13.6,2.2,20.0,Verano,1
818,6623,2016-09-18,0.0,23.8,17.7,11.6,0.6,17.0,Verano,1
819,7953,2016-09-19,0.0,24.7,18.2,11.7,0.8,37.0,Verano,0
820,8762,2016-09-20,0.0,26.5,20.8,15.2,1.7,36.0,Verano,0
821,8862,2016-09-21,0.0,27.9,20.9,13.9,1.4,41.0,Otoño,0
822,9039,2016-09-22,0.0,27.6,20.3,13.0,1.1,56.0,Otoño,0
823,8378,2016-09-23,0.0,27.3,21.2,15.0,1.1,63.0,Otoño,0
824,6482,2016-09-24,0.0,27.1,21.0,15.0,1.1,48.0,Otoño,1
825,5751,2016-09-25,0.0,26.4,21.0,15.7,0.8,47.0,Otoño,1
826,6247,2016-09-26,0.0,26.4,21.7,17.0,1.4,32.0,Otoño,0
827,7728,2016-09-27,0.0,27.6,22.0,16.5,1.1,28.0,Otoño,0
828,8299,2016-09-28,0.0,25.0,20.2,15.4,1.9,20.0,Otoño,0
829,8452,2016-09-29,0.0,24.9,19.6,14.2,1.1,37.0,Otoño,0
830,8666,2016-09-30,0.0,25.6,20.2,14.7,1.4,46.0,Otoño,0
831,7097,2016-10-01,0.0,26.8,20.8,14.8,1.9,44.0,Otoño,1
832,6789,2016-10-02,0.0,26.2,19.8,13.5,1.4,34.0,Otoño,1
833,7955,2016-10-03,0.0,27.2,20.9,14.6,0.8,50.0,Otoño,0
834,8608,2016-10-04,0.0,27.4,21.4,15.4,1.1,54.0,Otoño,0
835,8796,2016-10-05,0.0,26.5,21.4,16.2,1.4,52.0,Otoño,0
836,9093,2016-10-06,0.0,27.6,21.6,15.6,1.1,65.0,Otoño,0
837,8688,2016-10-07,0.0,26.2,19.5,12.8,1.1,54.0,Otoño,0
838,6889,2016-10-08,0.0,25.7,19.2,12.6,0.8,57.0,Otoño,1
839,6079,2016-10-09,0.0,24.4,19.0,13.6,1.1,27.0,Otoño,1
840,7277,2016-10-10,0.0,24.4,18.3,12.2,1.1,33.0,Otoño,0
841,8050,2016-10-11,6.0,23.3,16.5,9.7,1.4,47.0,Otoño,0
842,2759,2016-10-12,13.3,14.4,12.7,11.0,0.6,24.0,Otoño,0
843,4491,2016-10-13,1.1,16.5,13.8,11.0,1.4,23.0,Otoño,0
844,6151,2016-10-14,0.4,18.4,14.7,11.0,0.6,25.0,Otoño,0
845,5162,2016-10-15,0.0,17.7,12.8,8.0,0.6,32.0,Otoño,1
846,4381,2016-10-16,0.0,19.9,15.1,10.3,0.6,39.0,Otoño,1
847,5113,2016-10-17,5.0,18.4,16.2,14.0,1.1,49.0,Otoño,0
848,6263,2016-10-18,6.1,19.7,16.4,13.2,0.8,37.0,Otoño,0
849,4292,2016-10-19,4.7,18.6,16.5,14.4,0.3,51.0,Otoño,0
850,3888,2016-10-20,1.9,18.2,15.9,13.6,0.8,46.0,Otoño,0
851,5610,2016-10-21,0.3,18.9,15.2,11.4,0.6,42.0,Otoño,0
852,2604,2016-10-22,21.8,16.3,14.6,12.8,0.8,37.0,Otoño,1
853,1917,2016-10-23,12.8,14.4,13.0,11.5,1.7,17.0,Otoño,1
854,3811,2016-10-24,0.6,14.5,12.4,10.4,1.4,33.0,Otoño,0
855,5060,2016-10-25,1.4,19.4,16.0,12.7,1.4,41.0,Otoño,0
856,5920,2016-10-26,0.0,22.8,18.3,13.8,0.6,51.0,Otoño,0
857,5986,2016-10-27,0.0,23.4,19.4,15.5,1.1,54.0,Otoño,0
858,5541,2016-10-28,0.0,21.6,18.0,14.3,0.6,47.0,Otoño,0
859,4389,2016-10-29,0.0,21.6,17.0,12.5,0.6,50.0,Otoño,1
860,3617,2016-10-30,0.0,22.9,16.0,9.0,0.6,51.0,Otoño,1
861,4701,2016-10-31,0.0,21.2,15.0,8.8,0.3,64.0,Otoño,0
862,4235,2016-11-01,0.0,17.8,13.2,8.5,0.3,53.0,Otoño,0
863,5645,2016-11-02,0.0,20.2,15.2,10.2,0.6,58.0,Otoño,0
864,6153,2016-11-03,5.5,21.0,16.0,10.9,0.6,64.0,Otoño,0
865,2947,2016-11-04,11.7,16.2,14.0,11.8,0.6,56.0,Otoño,0
866,2166,2016-11-05,14.4,15.3,11.4,7.6,2.2,24.0,Otoño,1
867,3682,2016-11-06,0.0,13.4,9.4,5.3,1.4,19.0,Otoño,1
868,4564,2016-11-07,0.6,10.6,7.3,4.0,0.8,36.0,Otoño,0
869,5525,2016-11-08,0.2,11.4,6.8,2.2,2.2,32.0,Otoño,0
870,4031,2016-11-09,0.0,15.5,11.0,6.5,1.9,25.0,Otoño,0
871,5555,2016-11-10,0.0,12.2,8.3,4.4,0.8,61.0,Otoño,0
872,5773,2016-11-11,0.0,13.6,8.8,4.0,0.3,69.0,Otoño,0
873,4465,2016-11-12,0.0,13.1,8.7,4.3,0.3,55.0,Otoño,1
874,4276,2016-11-13,0.0,17.1,12.2,7.2,1.1,36.0,Otoño,1
875,5138,2016-11-14,0.0,14.8,10.2,5.6,1.9,32.0,Otoño,0
876,5148,2016-11-15,0.0,14.8,10.2,5.6,1.7,41.0,Otoño,0
877,5450,2016-11-16,0.0,14.3,9.5,4.7,0.8,58.0,Otoño,0
878,5774,2016-11-17,0.0,16.0,10.5,5.0,0.6,78.0,Otoño,0
879,5858,2016-11-18,0.0,13.4,10.0,6.5,0.0,62.0,Otoño,0
880,4556,2016-11-19,5.7,12.0,8.2,4.4,0.6,42.0,Otoño,1
881,1502,2016-11-20,15.7,10.8,8.8,6.8,0.3,26.0,Otoño,1
882,4146,2016-11-21,0.1,12.0,9.5,7.0,1.9,30.0,Otoño,0
883,4850,2016-11-22,0.1,9.5,8.0,6.5,0.8,47.0,Otoño,0
884,4312,2016-11-23,1.4,8.4,6.4,4.3,1.1,38.0,Otoño,0
885,5213,2016-11-24,0.0,8.5,5.7,2.9,0.8,41.0,Otoño,0
886,2759,2016-11-25,12.4,5.9,4.6,3.4,1.1,47.0,Otoño,0
887,1782,2016-11-26,19.9,10.0,7.8,5.5,1.4,39.0,Otoño,1
888,1802,2016-11-27,7.0,10.9,9.6,8.2,1.7,35.0,Otoño,1
889,5310,2016-11-28,0.0,12.6,9.9,7.2,1.9,34.0,Otoño,0
890,5299,2016-11-29,1.0,12.0,9.4,6.8,1.4,49.0,Otoño,0
891,5987,2016-11-30,0.0,14.0,11.6,9.2,2.8,34.0,Otoño,0
892,6249,2016-12-01,0.0,11.2,10.3,9.4,1.1,44.0,Otoño,0
893,6511,2016-12-02,0.0,12.6,9.8,6.9,0.6,54.0,Otoño,0
894,4623,2016-12-03,12.1,11.7,9.0,6.2,1.9,49.0,Otoño,1
895,1937,2016-12-04,5.3,11.5,10.4,9.2,1.9,30.0,Otoño,1
896,5256,2016-12-05,0.0,14.0,11.8,9.6,2.2,38.0,Otoño,0
897,4903,2016-12-06,0.0,13.3,10.5,7.7,1.4,36.0,Otoño,0
898,5971,2016-12-07,0.0,12.7,8.8,5.0,0.3,54.0,Otoño,0
899,4449,2016-12-08,0.0,12.2,8.8,5.4,0.3,39.0,Otoño,0
900,5341,2016-12-09,0.0,13.0,9.5,6.0,1.1,55.0,Otoño,0
901,4806,2016-12-10,0.0,13.7,10.8,7.8,0.8,43.0,Otoño,1
902,4386,2016-12-11,0.0,13.0,8.8,4.6,0.0,42.0,Otoño,1
903,5650,2016-12-12,0.0,10.2,7.2,4.2,0.3,61.0,Otoño,0
904,5799,2016-12-13,0.0,9.9,6.6,3.4,0.6,58.0,Otoño,0
905,5191,2016-12-14,5.8,9.8,8.0,6.2,0.8,50.0,Otoño,0
906,4259,2016-12-15,3.8,10.3,8.8,7.2,0.8,42.0,Otoño,0
907,4169,2016-12-16,2.8,9.0,8.2,7.3,1.7,48.0,Otoño,0
908,5660,2016-12-17,0.0,12.6,10.4,8.2,4.7,25.0,Otoño,1
909,4624,2016-12-18,0.0,11.0,8.2,5.4,3.6,22.0,Otoño,1
910,5723,2016-12-19,0.0,10.4,6.8,3.1,1.9,37.0,Otoño,0
911,6158,2016-12-20,0.0,10.1,5.8,1.4,0.3,55.0,Otoño,0
912,6711,2016-12-21,0.0,12.0,7.9,3.8,0.3,55.0,Invierno,0
913,6676,2016-12-22,0.0,11.5,8.0,4.5,0.3,60.0,Invierno,0
914,5949,2016-12-23,0.0,12.5,8.8,5.1,0.0,54.0,Invierno,0
915,3265,2016-12-24,0.0,13.2,8.8,4.5,1.7,37.0,Invierno,1
916,1911,2016-12-25,0.0,11.4,7.2,3.0,0.6,34.0,Invierno,1
917,2996,2016-12-26,0.0,13.2,7.6,2.0,0.0,55.0,Invierno,0
918,4799,2016-12-27,0.0,14.5,9.8,5.0,0.3,59.0,Invierno,0
919,5185,2016-12-28,0.0,13.5,9.0,4.4,0.3,66.0,Invierno,0
920,5561,2016-12-29,0.0,12.2,6.9,1.6,0.0,72.0,Invierno,0
921,4972,2016-12-30,0.0,11.2,5.0,-1.2,0.3,78.0,Invierno,0
922,2696,2016-12-31,0.0,3.3,0.4,-2.4,0.0,50.0,Invierno,1
923,1767,2017-01-01,0.0,4.0,1.7,-0.6,0.0,41.0,Invierno,1
924,3297,2017-01-02,0.0,6.2,2.7,-0.8,0.8,50.0,Invierno,0
925,4507,2017-01-03,0.0,10.2,6.0,1.7,0.0,48.0,Invierno,0
926,5214,2017-01-04,0.0,11.5,6.8,2.2,0.8,50.0,Invierno,0
927,5077,2017-01-05,0.0,9.8,7.2,4.7,0.6,51.0,Invierno,0
928,2934,2017-01-06,0.0,9.8,5.4,1.1,0.0,48.0,Invierno,0
929,4030,2017-01-07,0.0,10.4,5.0,-0.3,0.0,50.0,Invierno,1
930,3760,2017-01-08,0.0,11.5,5.5,-0.5,0.6,61.0,Invierno,1
931,5686,2017-01-09,0.0,11.2,5.4,-0.4,0.6,61.0,Invierno,0
932,6221,2017-01-10,0.0,12.0,7.7,3.4,0.8,67.0,Invierno,0
933,6974,2017-01-11,0.0,16.0,10.4,4.8,3.1,51.0,Invierno,0
934,6788,2017-01-12,0.0,12.7,8.6,4.4,0.8,46.0,Invierno,0
935,6743,2017-01-13,0.0,10.5,7.2,4.0,3.1,31.0,Invierno,0
936,5080,2017-01-14,0.0,8.2,3.8,-0.5,2.2,41.0,Invierno,1
937,4234,2017-01-15,0.0,11.4,6.6,1.8,0.6,34.0,Invierno,1
938,6036,2017-01-16,0.0,11.8,6.2,0.5,0.8,57.0,Invierno,0
939,5961,2017-01-17,0.0,11.2,5.8,0.4,3.3,33.0,Invierno,0
940,5328,2017-01-18,0.0,5.0,1.0,-3.0,1.1,34.0,Invierno,0
941,5084,2017-01-19,0.0,7.0,2.1,-2.8,3.6,31.0,Invierno,0
942,5243,2017-01-20,0.0,8.4,5.7,3.0,4.2,28.0,Invierno,0
943,4548,2017-01-21,0.0,11.0,7.2,3.5,2.2,33.0,Invierno,1
944,4003,2017-01-22,0.0,9.5,4.6,-0.4,0.6,52.0,Invierno,1
945,5768,2017-01-23,0.0,11.4,7.3,3.2,1.1,49.0,Invierno,0
946,6515,2017-01-24,0.0,13.0,6.7,0.4,0.8,70.0,Invierno,0
947,6435,2017-01-25,0.0,10.5,5.2,-0.2,0.6,72.0,Invierno,0
948,6187,2017-01-26,12.5,8.2,4.0,-0.3,0.6,66.0,Invierno,0
949,4038,2017-01-27,7.5,7.0,5.1,3.2,0.8,43.0,Invierno,0
950,4479,2017-01-28,0.0,10.2,6.4,2.6,1.1,23.0,Invierno,1
951,2874,2017-01-29,1.5,9.1,7.0,4.9,0.3,31.0,Invierno,1
952,5438,2017-01-30,0.0,11.5,9.8,8.2,0.3,31.0,Invierno,0
953,6756,2017-01-31,0.0,13.8,10.8,7.7,0.8,42.0,Invierno,0
954,6245,2017-02-01,4.2,10.9,8.1,5.3,0.3,46.0,Invierno,0
955,5170,2017-02-02,3.0,12.1,9.7,7.3,1.9,31.0,Invierno,0
956,5573,2017-02-03,0.2,12.2,9.4,6.5,3.6,24.0,Invierno,0
957,4093,2017-02-04,3.7,14.2,11.6,9.0,5.0,13.0,Invierno,1
958,3967,2017-02-05,0.0,10.9,7.6,4.2,5.6,10.0,Invierno,1
959,6602,2017-02-06,0.0,15.4,10.8,6.1,3.9,21.0,Invierno,0
960,6097,2017-02-07,0.8,13.0,9.5,6.0,1.9,27.0,Invierno,0
961,7163,2017-02-08,0.0,9.8,6.3,2.8,1.7,33.0,Invierno,0
962,7020,2017-02-09,0.0,9.5,5.2,1.0,0.3,60.0,Invierno,0
963,4641,2017-02-10,4.5,5.8,4.0,2.3,0.8,56.0,Invierno,0
964,2477,2017-02-11,9.7,7.3,5.6,4.0,2.2,35.0,Invierno,1
965,1929,2017-02-12,16.5,12.0,9.1,6.2,3.6,27.0,Invierno,1
966,5536,2017-02-13,0.7,12.0,9.0,6.0,3.1,0.0,Invierno,0
967,6990,2017-02-14,0.0,11.8,7.8,3.8,0.3,40.0,Invierno,0
968,7583,2017-02-15,0.0,14.0,9.6,5.3,1.1,35.0,Invierno,0
969,7515,2017-02-16,0.0,11.3,8.8,6.3,0.8,42.0,Invierno,0
970,7240,2017-02-17,0.0,14.0,8.6,3.3,0.6,47.0,Invierno,0
971,5624,2017-02-18,0.0,13.6,8.8,4.0,0.3,53.0,Invierno,1
972,5006,2017-02-19,0.0,13.5,10.1,6.7,1.7,29.0,Invierno,1
973,7069,2017-02-20,0.0,13.6,9.2,4.8,1.4,34.0,Invierno,0
974,7568,2017-02-21,0.0,16.0,10.4,4.7,1.1,48.0,Invierno,0
975,8019,2017-02-22,0.0,18.5,12.8,7.0,2.2,56.0,Invierno,0
976,7093,2017-02-23,1.5,15.0,12.4,9.9,0.6,51.0,Invierno,0
977,8240,2017-02-24,0.0,16.6,12.3,8.0,0.8,38.0,Invierno,0
978,6264,2017-02-25,0.0,17.0,10.2,3.4,1.1,36.0,Invierno,1
979,5421,2017-02-26,0.0,14.2,10.3,6.4,1.1,30.0,Invierno,1
980,7052,2017-02-27,0.0,13.0,10.1,7.2,2.2,15.0,Invierno,0
981,7552,2017-02-28,0.0,12.4,9.6,6.8,3.1,18.0,Invierno,0
982,8361,2017-03-01,0.0,16.0,10.6,5.2,1.1,31.0,Invierno,0
983,8320,2017-03-02,0.0,16.3,11.0,5.8,0.8,40.0,Invierno,0
984,5411,2017-03-03,2.1,12.0,8.0,3.9,2.2,40.0,Invierno,0
985,5072,2017-03-04,0.0,9.6,5.3,1.0,1.4,13.0,Invierno,1
986,4633,2017-03-05,0.0,12.4,8.6,4.8,1.1,14.0,Invierno,1
987,7913,2017-03-06,0.0,18.8,14.1,9.4,1.9,20.0,Invierno,0
988,8776,2017-03-07,0.0,19.4,14.2,8.9,1.9,24.0,Invierno,0
989,9521,2017-03-08,0.0,21.6,14.7,7.8,1.1,65.0,Invierno,0
990,9760,2017-03-09,0.0,24.8,16.8,8.8,0.8,68.0,Invierno,0
991,9826,2017-03-10,0.0,26.1,18.0,9.8,0.8,59.0,Invierno,0
992,7473,2017-03-11,0.0,22.6,16.1,9.6,0.8,46.0,Invierno,1
993,6152,2017-03-12,0.0,19.0,13.1,7.2,3.1,13.0,Invierno,1
994,7128,2017-03-13,0.0,15.5,11.4,7.2,5.3,13.0,Invierno,0
995,8414,2017-03-14,0.0,19.5,14.8,10.1,2.5,25.0,Invierno,0
996,9387,2017-03-15,0.0,20.8,15.2,9.7,1.9,22.0,Invierno,0
997,9654,2017-03-16,0.0,20.4,13.7,7.0,2.2,25.0,Invierno,0
998,8362,2017-03-17,0.0,20.5,13.8,7.2,1.4,29.0,Invierno,0
999,5929,2017-03-18,0.0,21.5,14.4,7.2,1.1,41.0,Invierno,1
1000,5390,2017-03-19,0.0,23.5,15.6,7.6,1.1,42.0,Invierno,1
1001,5861,2017-03-20,0.0,24.2,17.6,11.0,1.7,23.0,Invierno,0
1002,8200,2017-03-21,0.0,16.5,12.6,8.8,2.5,19.0,Primavera,0
1003,6181,2017-03-22,2.4,12.2,7.6,2.9,2.5,17.0,Primavera,0
1004,5235,2017-03-23,5.1,5.3,2.6,0.0,0.8,29.0,Primavera,0
1005,5633,2017-03-24,4.5,9.5,5.4,1.3,0.8,34.0,Primavera,0
1006,4698,2017-03-25,2.9,9.3,4.4,-0.4,1.4,37.0,Primavera,1
1007,4645,2017-03-26,2.1,15.3,10.4,5.5,1.7,14.0,Primavera,1
1008,6577,2017-03-27,0.1,13.8,10.2,6.6,3.1,18.0,Primavera,0
1009,8513,2017-03-28,0.0,17.9,12.7,7.5,0.8,34.0,Primavera,0
1010,9173,2017-03-29,0.0,20.3,13.4,6.5,0.8,47.0,Primavera,0
1011,9459,2017-03-30,0.0,21.1,15.0,9.0,1.7,45.0,Primavera,0
1012,9382,2017-03-31,0.0,19.7,15.4,11.0,3.3,28.0,Primavera,0
1013,6999,2017-04-01,0.0,17.3,12.6,8.0,3.3,9.0,Primavera,1
1014,6737,2017-04-02,0.0,19.0,12.8,6.7,2.2,16.0,Primavera,1
1015,8290,2017-04-03,0.0,19.3,12.5,5.7,1.1,26.0,Primavera,0
1016,9173,2017-04-04,0.0,22.0,14.5,7.0,1.4,39.0,Primavera,0
1017,8953,2017-04-05,0.0,19.0,13.6,8.2,3.1,16.0,Primavera,0
1018,9001,2017-04-06,0.0,21.5,14.8,8.0,2.2,21.0,Primavera,0
1019,8972,2017-04-07,0.0,23.0,16.4,9.7,1.4,28.0,Primavera,0
1020,6919,2017-04-08,0.0,23.2,16.6,10.0,0.8,21.0,Primavera,1
1021,6272,2017-04-09,0.0,24.0,17.3,10.6,1.7,16.0,Primavera,1
1022,7576,2017-04-10,0.0,25.3,18.0,10.6,0.6,27.0,Primavera,0
1023,7694,2017-04-11,0.0,27.7,20.0,12.3,0.8,36.0,Primavera,0
1024,6985,2017-04-12,0.0,28.2,20.1,12.0,1.4,31.0,Primavera,0
1025,4233,2017-04-13,0.0,27.4,19.7,12.0,2.2,37.0,Primavera,0
1026,4056,2017-04-14,0.0,25.4,19.2,13.0,1.7,25.0,Primavera,0
1027,4300,2017-04-15,0.0,27.0,20.2,13.5,1.7,19.0,Primavera,1
1028,4757,2017-04-16,0.0,26.0,18.5,11.0,1.9,14.0,Primavera,1
1029,8567,2017-04-17,0.0,27.6,20.2,12.7,1.7,36.0,Primavera,0
1030,9908,2017-04-18,0.0,27.5,20.8,14.0,1.9,18.0,Primavera,0
1031,9269,2017-04-19,2.5,23.5,17.8,12.0,2.8,14.0,Primavera,0
1032,8928,2017-04-20,0.0,19.5,14.4,9.4,3.1,12.0,Primavera,0
1033,9973,2017-04-21,0.0,21.7,13.9,6.1,2.2,16.0,Primavera,0
1034,7539,2017-04-22,0.0,21.7,13.9,6.1,0.8,19.0,Primavera,1
1035,8660,2017-04-23,0.0,26.0,18.4,10.9,0.8,32.0,Primavera,1
1036,9476,2017-04-24,1.3,27.0,19.8,12.6,1.1,40.0,Primavera,0
1037,9410,2017-04-25,0.0,23.2,18.0,12.9,2.5,25.0,Primavera,0
1038,9664,2017-04-26,0.2,20.5,13.4,6.3,1.7,11.0,Primavera,0
1039,8761,2017-04-27,0.0,16.1,10.0,3.8,3.6,13.0,Primavera,0
1040,8217,2017-04-28,3.3,17.8,10.6,3.3,3.3,13.0,Primavera,0
1041,3229,2017-04-29,4.5,12.4,10.1,7.8,0.6,20.0,Primavera,1
1042,3278,2017-04-30,0.6,14.4,11.0,7.7,1.7,13.0,Primavera,1
1043,4831,2017-05-01,0.0,18.6,11.9,5.2,1.1,10.0,Primavera,0
1044,6477,2017-05-02,0.0,23.7,16.4,9.2,1.7,23.0,Primavera,0
1045,9878,2017-05-03,0.0,26.7,19.4,12.0,1.1,31.0,Primavera,0
1046,10442,2017-05-04,0.0,26.0,20.1,14.2,1.4,50.0,Primavera,0
1047,9076,2017-05-05,0.3,23.0,17.2,11.5,3.6,20.0,Primavera,0
1048,7831,2017-05-06,0.0,21.6,15.6,9.5,1.7,5.0,Primavera,1
1049,8158,2017-05-07,0.0,26.4,19.2,12.0,1.7,17.0,Primavera,1
1050,10266,2017-05-08,0.0,28.8,21.8,14.7,1.4,23.0,Primavera,0
1051,10925,2017-05-09,0.0,28.6,22.4,16.2,3.3,26.0,Primavera,0
1052,10571,2017-05-10,15.0,23.0,17.9,12.8,3.1,8.0,Primavera,0
1053,7074,2017-05-11,3.4,16.1,13.2,10.3,3.3,13.0,Primavera,0
1054,7119,2017-05-12,2.1,17.8,14.1,10.4,2.2,20.0,Primavera,0
1055,7036,2017-05-13,0.0,20.4,16.1,11.8,2.8,10.0,Primavera,1
1056,7447,2017-05-14,0.0,23.2,17.0,10.8,1.4,0.0,Primavera,1
1057,7761,2017-05-15,0.0,26.5,20.0,13.6,1.4,0.0,Primavera,0
1058,10710,2017-05-16,0.0,29.8,23.2,16.5,1.4,28.0,Primavera,0
1059,11183,2017-05-17,6.3,28.3,23.0,17.6,1.4,20.0,Primavera,0
1060,10534,2017-05-18,0.0,20.2,16.4,12.6,2.2,17.0,Primavera,0
1061,11251,2017-05-19,0.0,23.0,16.5,10.0,1.7,19.0,Primavera,0
1062,9100,2017-05-20,0.0,26.7,19.0,11.4,1.1,22.0,Primavera,1
1063,7967,2017-05-21,0.0,26.7,21.4,16.1,2.8,29.0,Primavera,1
1064,11221,2017-05-22,0.0,28.8,22.0,15.2,0.3,37.0,Primavera,0
1065,11643,2017-05-23,0.0,31.8,25.2,18.5,2.2,16.0,Primavera,0
1066,12265,2017-05-24,0.0,32.0,24.8,17.5,1.4,21.0,Primavera,0
1067,12466,2017-05-25,0.0,33.0,26.3,19.6,1.4,20.0,Primavera,0
1068,12293,2017-05-26,0.0,33.7,26.2,18.6,1.9,23.0,Primavera,0
1069,10032,2017-05-27,0.0,33.0,26.2,19.5,1.9,13.0,Primavera,1
1070,8820,2017-05-28,0.0,27.3,23.4,19.4,2.2,6.0,Primavera,1
1071,11405,2017-05-29,0.0,26.3,22.3,18.3,2.2,11.0,Primavera,0
1072,12445,2017-05-30,0.0,27.0,21.7,16.4,0.8,15.0,Primavera,0
1073,12795,2017-05-31,0.0,30.5,23.6,16.6,0.0,23.0,Primavera,0
1074,13450,2017-06-01,0.0,32.1,25.2,18.4,1.7,23.0,Primavera,0
1075,12453,2017-06-02,0.6,32.3,25.2,18.2,1.7,29.0,Primavera,0
1076,9006,2017-06-03,0.0,28.6,23.2,17.7,1.4,10.0,Primavera,1
1077,9061,2017-06-04,0.0,27.5,21.4,15.3,3.3,7.0,Primavera,1
1078,11299,2017-06-05,0.0,26.6,19.5,12.4,0.6,16.0,Primavera,0
1079,12320,2017-06-06,0.0,28.6,22.0,15.5,0.8,12.0,Primavera,0
1080,12873,2017-06-07,0.0,31.8,24.4,16.9,1.1,24.0,Primavera,0
1081,13128,2017-06-08,0.0,33.8,26.9,20.0,1.9,22.0,Primavera,0
1082,12915,2017-06-09,0.0,32.8,26.8,20.8,1.4,25.0,Primavera,0
1083,9813,2017-06-10,0.0,35.1,28.0,20.8,0.8,22.0,Primavera,1
1084,9001,2017-06-11,0.0,37.2,30.0,22.8,1.4,26.0,Primavera,1
1085,11676,2017-06-12,0.0,37.0,30.3,23.6,1.9,24.0,Primavera,0
1086,12425,2017-06-13,0.0,36.2,29.5,22.8,1.4,15.0,Primavera,0
1087,13021,2017-06-14,0.0,37.2,30.4,23.6,2.2,25.0,Primavera,0
1088,12870,2017-06-15,0.1,39.0,31.5,24.0,1.9,44.0,Primavera,0
1089,12229,2017-06-16,0.0,37.6,30.3,23.0,1.4,29.0,Primavera,0
1090,8785,2017-06-17,0.0,40.0,32.8,25.5,1.4,23.0,Primavera,1
1091,7718,2017-06-18,0.0,38.6,31.8,25.0,1.1,11.0,Primavera,1
1092,12197,2017-06-19,0.5,33.5,27.2,21.0,1.4,20.0,Primavera,0
1093,12409,2017-06-20,0.0,32.8,27.0,21.2,1.9,22.0,Primavera,0
1094,13700,2017-06-21,0.0,36.3,29.0,21.6,1.1,27.0,Verano,0
1095,13718,2017-06-22,0.0,37.0,30.8,24.5,1.7,34.0,Verano,0
1096,12616,2017-06-23,0.0,36.2,29.0,21.7,2.2,21.0,Verano,0
1097,8943,2017-06-24,0.0,36.3,28.9,21.5,2.8,14.0,Verano,1
1098,7153,2017-06-25,3.4,35.3,27.0,18.8,2.5,19.0,Verano,1
1099,11538,2017-06-26,0.1,30.7,24.0,17.3,2.8,17.0,Verano,0
1100,12991,2017-06-27,0.0,29.0,23.8,18.5,3.6,22.0,Verano,0
1101,13018,2017-06-28,0.0,26.0,20.8,15.7,4.7,8.0,Verano,0
1102,12721,2017-06-29,0.0,23.7,18.2,12.8,3.3,7.0,Verano,0
1103,11515,2017-06-30,0.0,22.6,16.8,10.9,1.7,9.0,Verano,0
1104,8144,2017-07-01,0.0,25.0,18.8,12.6,2.2,4.0,Verano,1
1105,7340,2017-07-02,0.0,31.6,22.5,13.4,3.1,8.0,Verano,1
1106,11905,2017-07-03,0.0,34.0,26.0,18.0,0.8,17.0,Verano,0
1107,12701,2017-07-04,0.0,35.5,28.2,21.0,2.5,16.0,Verano,0
1108,13090,2017-07-05,3.5,35.5,28.4,21.2,2.2,13.0,Verano,0
1109,6135,2017-07-06,25.2,22.2,19.3,16.4,2.2,29.0,Verano,0
1110,7721,2017-07-07,19.3,25.3,20.6,15.9,2.2,27.0,Verano,0
1111,7588,2017-07-08,1.3,24.9,20.4,15.8,0.0,19.0,Verano,1
1112,7862,2017-07-09,0.0,31.5,24.0,16.6,1.9,28.0,Verano,1
1113,11684,2017-07-10,0.0,32.2,25.4,18.5,1.9,17.0,Verano,0
1114,12355,2017-07-11,0.0,33.7,26.2,18.7,1.7,29.0,Verano,0
1115,12603,2017-07-12,0.0,36.8,28.5,20.2,2.2,41.0,Verano,0
1116,12358,2017-07-13,0.0,39.7,31.2,22.7,2.2,46.0,Verano,0
1117,11208,2017-07-14,0.0,39.6,32.2,24.7,2.8,30.0,Verano,0
1118,7354,2017-07-15,0.0,37.5,30.2,23.0,1.1,14.0,Verano,1
1119,7256,2017-07-16,0.0,37.2,30.6,24.0,1.1,12.0,Verano,1
1120,11127,2017-07-17,0.0,35.1,29.6,24.0,1.7,22.0,Verano,0
1121,11844,2017-07-18,0.0,36.0,30.0,23.9,2.5,22.0,Verano,0
1122,12203,2017-07-19,0.0,32.6,27.4,22.2,3.6,12.0,Verano,0
1123,12439,2017-07-20,,,,,,16.0,Verano,0
1124,11433,2017-07-21,0.0,31.8,25.3,18.8,2.2,19.0,Verano,0
1125,7682,2017-07-22,0.0,33.0,26.2,19.5,2.2,16.0,Verano,1
1126,6796,2017-07-23,0.0,34.2,27.4,20.5,2.5,12.0,Verano,1
1127,10956,2017-07-24,0.0,33.2,27.0,20.9,1.9,13.0,Verano,0
1128,11613,2017-07-25,0.0,31.3,24.2,17.0,2.2,9.0,Verano,0
1129,12065,2017-07-26,0.0,33.3,25.2,17.1,0.8,20.0,Verano,0
1130,12414,2017-07-27,0.0,37.5,30.0,22.4,1.9,29.0,Verano,0
1131,11344,2017-07-28,0.0,37.9,30.0,22.0,1.9,38.0,Verano,0
1132,7169,2017-07-29,0.0,37.7,30.1,22.5,2.5,33.0,Verano,1
1133,6490,2017-07-30,0.0,37.0,29.8,22.6,2.5,23.0,Verano,1
1134,9759,2017-07-31,0.0,34.6,28.0,21.4,1.9,20.0,Verano,0
1135,9935,2017-08-01,0.0,33.0,26.5,20.0,1.7,15.0,Verano,0
1136,10519,2017-08-02,,,,,,26.0,Verano,0
1137,10228,2017-08-03,0.0,36.7,29.6,22.5,1.4,27.0,Verano,0
1138,9207,2017-08-04,0.0,37.5,30.6,23.6,1.1,21.0,Verano,0
1139,6235,2017-08-05,0.0,39.2,32.2,25.1,2.2,16.0,Verano,1
1140,5801,2017-08-06,0.0,36.5,29.4,22.2,2.5,6.0,Verano,1
1141,8553,2017-08-07,0.0,35.6,29.0,22.5,3.6,13.0,Verano,0
1142,8844,2017-08-08,0.0,30.2,24.0,17.7,1.9,9.0,Verano,0
1143,8764,2017-08-09,0.0,29.8,22.8,15.8,2.2,11.0,Verano,0
1144,8440,2017-08-10,0.0,27.0,19.8,12.5,2.2,7.0,Verano,0
1145,7573,2017-08-11,0.0,28.5,21.0,13.4,1.1,12.0,Verano,0
1146,5341,2017-08-12,0.0,32.4,25.0,17.6,1.4,10.0,Verano,1
1147,4973,2017-08-13,0.0,33.5,26.8,20.2,1.7,17.0,Verano,1
1148,6536,2017-08-14,0.0,35.0,28.2,21.3,1.7,12.0,Verano,0
1149,5781,2017-08-15,0.0,34.6,28.5,22.4,2.8,7.0,Verano,0
1150,8001,2017-08-16,0.0,34.6,27.6,20.6,1.1,23.0,Verano,0
1151,8472,2017-08-17,0.0,36.0,29.2,22.5,1.4,19.0,Verano,0
1152,7692,2017-08-18,0.0,36.6,30.1,23.6,1.9,32.0,Verano,0
1153,5766,2017-08-19,0.0,35.3,28.4,21.6,1.1,8.0,Verano,1
1154,5657,2017-08-20,0.0,35.7,28.8,22.0,0.8,11.0,Verano,1
1155,8469,2017-08-21,0.0,36.0,30.0,24.0,1.1,19.0,Verano,0
1156,9130,2017-08-22,0.0,36.6,30.4,24.1,1.7,13.0,Verano,0
1157,9430,2017-08-23,0.0,35.9,29.8,23.7,1.9,35.0,Verano,0
1158,9699,2017-08-24,0.0,35.5,28.9,22.3,2.5,20.0,Verano,0
1159,9107,2017-08-25,0.0,34.4,27.2,20.0,1.7,30.0,Verano,0
1160,6860,2017-08-26,0.8,30.8,26.0,21.1,0.8,30.0,Verano,1
1161,6348,2017-08-27,0.3,28.0,24.4,20.8,1.9,11.0,Verano,1
1162,5877,2017-08-28,24.9,22.4,19.6,16.8,1.1,24.0,Verano,0
1163,10215,2017-08-29,0.0,25.6,20.9,16.2,1.1,16.0,Verano,0
1164,11224,2017-08-30,0.0,26.5,22.1,17.7,1.9,19.0,Verano,0
1165,12064,2017-08-31,0.0,28.0,23.2,18.4,1.1,14.0,Verano,0
1166,12042,2017-09-01,0.0,28.0,22.5,17.0,3.1,14.0,Verano,0
1167,8727,2017-09-02,0.0,26.5,20.0,13.6,1.4,17.0,Verano,1
1168,8863,2017-09-03,0.0,31.2,24.1,17.0,1.9,35.0,Verano,1
1169,12386,2017-09-04,0.0,29.0,23.6,18.3,0.8,18.0,Verano,0
1170,13437,2017-09-05,0.0,31.0,25.1,19.2,0.8,24.0,Verano,0
1171,14052,2017-09-06,0.0,32.5,26.8,21.2,1.1,27.0,Verano,0
1172,14092,2017-09-07,0.0,30.0,24.2,18.5,1.7,16.0,Verano,0
1173,13481,2017-09-08,0.0,30.6,23.8,17.0,1.1,0.0,Verano,0
1174,9634,2017-09-09,0.0,23.5,19.8,16.1,3.3,12.0,Verano,1
1175,8958,2017-09-10,0.0,23.5,17.8,12.0,1.4,9.0,Verano,1
1176,12666,2017-09-11,0.0,31.0,23.3,15.6,2.8,21.0,Verano,0
1177,13674,2017-09-12,0.0,26.5,21.6,16.6,1.4,18.0,Verano,0
1178,14269,2017-09-13,0.0,30.7,23.7,16.7,1.1,32.0,Verano,0
1179,14288,2017-09-14,0.0,30.3,23.6,16.8,1.7,36.0,Verano,0
1180,13109,2017-09-15,0.0,22.8,18.4,14.0,3.1,10.0,Verano,0
1181,9434,2017-09-16,0.0,21.2,16.0,10.7,1.7,10.0,Verano,1
1182,9218,2017-09-17,0.0,24.0,17.5,11.0,1.4,23.0,Verano,1
1183,12353,2017-09-18,0.0,23.0,18.0,13.0,2.8,18.0,Verano,0
1184,13438,2017-09-19,0.0,25.5,19.2,13.0,0.6,42.0,Verano,0
1185,14130,2017-09-20,0.0,27.2,20.2,13.1,0.8,39.0,Verano,0
1186,14023,2017-09-21,0.0,29.0,22.2,15.4,0.8,60.0,Otoño,0
1187,13325,2017-09-22,0.0,26.5,22.2,18.0,1.9,34.0,Otoño,0
1188,10329,2017-09-23,0.0,26.8,21.2,15.7,1.1,28.0,Otoño,1
1189,9904,2017-09-24,0.0,29.0,22.8,16.6,1.4,51.0,Otoño,1
1190,12789,2017-09-25,0.0,27.8,21.6,15.5,1.7,38.0,Otoño,0
1191,13612,2017-09-26,0.0,25.1,19.8,14.5,1.7,31.0,Otoño,0
1192,13872,2017-09-27,0.0,25.0,20.0,15.0,1.7,49.0,Otoño,0
1193,14228,2017-09-28,0.0,27.5,21.2,15.0,0.6,61.0,Otoño,0
1194,14455,2017-09-29,0.0,27.6,22.3,17.0,1.1,55.0,Otoño,0
1195,11151,2017-09-30,0.0,27.4,22.2,17.0,1.1,52.0,Otoño,1
1196,10292,2017-10-01,0.0,26.0,21.7,17.4,0.8,20.0,Otoño,1
1197,13104,2017-10-02,0.0,27.5,21.8,16.2,1.1,35.0,Otoño,0
1198,14254,2017-10-03,0.0,29.4,23.4,17.5,0.8,38.0,Otoño,0
1199,14474,2017-10-04,0.0,28.2,23.0,17.8,1.1,29.0,Otoño,0
1200,15044,2017-10-05,0.0,29.0,23.2,17.4,0.8,52.0,Otoño,0
1201,14563,2017-10-06,0.0,29.0,23.0,17.0,1.9,29.0,Otoño,0
1202,11344,2017-10-07,0.0,25.5,19.4,13.3,1.4,29.0,Otoño,1
1203,10601,2017-10-08,0.0,25.5,19.7,13.9,0.6,48.0,Otoño,1
1204,13186,2017-10-09,0.0,26.8,20.2,13.6,1.4,47.0,Otoño,0
1205,13659,2017-10-10,0.0,26.6,20.0,13.4,1.1,50.0,Otoño,0
1206,14067,2017-10-11,0.0,26.6,19.8,12.9,1.1,71.0,Otoño,0
1207,10097,2017-10-12,0.0,27.0,20.3,13.6,0.6,62.0,Otoño,0
1208,11312,2017-10-13,0.0,28.0,21.8,15.7,1.1,46.0,Otoño,0
1209,9223,2017-10-14,0.0,26.5,20.5,14.5,1.1,53.0,Otoño,1
1210,9250,2017-10-15,0.0,27.1,22.0,16.8,1.1,40.0,Otoño,1
1211,12837,2017-10-16,0.0,24.5,20.1,15.7,0.8,34.0,Otoño,0
1212,11316,2017-10-17,20.1,20.3,17.3,14.3,1.4,34.0,Otoño,0
1213,6339,2017-10-18,4.6,14.9,12.2,9.6,1.1,33.0,Otoño,0
1214,12290,2017-10-19,0.0,16.9,12.8,8.6,1.4,41.0,Otoño,0
1215,13326,2017-10-20,0.0,19.8,15.1,10.4,0.8,37.0,Otoño,0
1216,10759,2017-10-21,0.0,21.8,17.0,12.3,1.1,24.0,Otoño,1
1217,10423,2017-10-22,0.0,17.9,14.4,10.8,0.8,25.0,Otoño,1
1218,12131,2017-10-23,0.0,20.5,14.8,9.0,0.6,48.0,Otoño,0
1219,13290,2017-10-24,0.0,23.3,17.6,11.8,0.6,53.0,Otoño,0
1220,13835,2017-10-25,0.0,23.4,17.4,11.5,0.3,60.0,Otoño,0
1221,14274,2017-10-26,0.0,24.5,18.8,13.1,0.8,69.0,Otoño,0
1222,14110,2017-10-27,0.0,26.9,20.7,14.5,3.3,43.0,Otoño,0
1223,10861,2017-10-28,0.0,22.0,17.0,12.0,1.4,27.0,Otoño,1
1224,8972,2017-10-29,0.0,21.5,15.8,10.0,0.8,29.0,Otoño,1
1225,12391,2017-10-30,0.0,19.2,14.4,9.7,1.4,29.0,Otoño,0
1226,13423,2017-10-31,0.0,18.3,14.1,9.9,1.1,42.0,Otoño,0
1227,10173,2017-11-01,0.0,18.0,14.4,10.7,1.1,41.0,Otoño,0
1228,12647,2017-11-02,0.6,19.2,15.8,12.5,0.8,44.0,Otoño,0
1229,12892,2017-11-03,3.7,18.6,15.2,11.8,0.8,45.0,Otoño,0
1230,8413,2017-11-04,0.2,14.6,12.8,11.0,0.8,30.0,Otoño,1
1231,8461,2017-11-05,0.0,14.9,12.0,9.0,1.7,23.0,Otoño,1
1232,10804,2017-11-06,0.0,14.0,9.9,5.8,1.4,31.0,Otoño,0
1233,11833,2017-11-07,0.0,14.8,9.4,4.0,0.6,53.0,Otoño,0
1234,11621,2017-11-08,0.0,14.3,10.2,6.2,0.8,43.0,Otoño,0
1235,7292,2017-11-09,0.0,11.4,7.4,3.3,1.9,21.0,Otoño,0
1236,10143,2017-11-10,0.0,16.0,9.8,3.6,2.5,47.0,Otoño,0
1237,8418,2017-11-11,0.0,16.7,11.2,5.7,0.3,56.0,Otoño,1
1238,7851,2017-11-12,0.0,16.3,10.8,5.2,0.6,50.0,Otoño,1
1239,10354,2017-11-13,0.0,13.3,9.6,5.8,2.8,39.0,Otoño,0
1240,11097,2017-11-14,0.0,13.5,8.0,2.6,0.6,62.0,Otoño,0
1241,11291,2017-11-15,0.0,13.6,9.1,4.6,0.6,75.0,Otoño,0
1242,11854,2017-11-16,0.0,17.0,10.2,3.4,0.6,88.0,Otoño,0
1243,11847,2017-11-17,0.0,16.5,11.0,5.5,0.6,78.0,Otoño,0
1244,9591,2017-11-18,0.0,17.5,12.4,7.2,0.8,52.0,Otoño,1
1245,8223,2017-11-19,0.0,15.6,10.3,5.0,0.3,52.0,Otoño,1
1246,10885,2017-11-20,0.0,15.6,10.0,4.5,0.3,71.0,Otoño,0
1247,11648,2017-11-21,0.0,15.0,9.6,4.2,0.3,84.0,Otoño,0
1248,11784,2017-11-22,0.0,14.5,9.8,5.0,0.3,74.0,Otoño,0
1249,12160,2017-11-23,0.1,15.7,11.4,7.0,0.6,85.0,Otoño,0
1250,12325,2017-11-24,0.0,16.1,13.0,10.0,0.8,62.0,Otoño,0
1251,9162,2017-11-25,0.0,16.5,12.2,7.8,1.7,53.0,Otoño,1
1252,7474,2017-11-26,0.0,11.4,7.6,3.8,1.1,26.0,Otoño,1
1253,9687,2017-11-27,0.0,9.9,5.6,1.4,0.3,60.0,Otoño,0
1254,6813,2017-11-28,4.4,8.4,5.7,3.0,0.0,74.0,Otoño,0
1255,10585,2017-11-29,0.0,11.4,7.8,4.2,2.2,47.0,Otoño,0
1256,10236,2017-11-30,0.0,8.6,5.0,1.5,1.9,39.0,Otoño,0
1257,9630,2017-12-01,0.0,9.1,5.2,1.4,2.8,31.0,Otoño,0
1258,6680,2017-12-02,0.0,6.5,3.0,-0.5,1.1,32.0,Otoño,1
1259,6061,2017-12-03,0.0,8.5,4.2,0.0,0.6,36.0,Otoño,1
1260,8734,2017-12-04,0.0,9.8,4.9,0.0,0.3,56.0,Otoño,0
1261,9279,2017-12-05,0.0,10.2,5.4,0.5,0.0,63.0,Otoño,0
1262,5988,2017-12-06,0.0,9.0,4.1,-0.8,0.3,65.0,Otoño,0
1263,7060,2017-12-07,0.0,9.5,5.0,0.6,0.3,70.0,Otoño,0
1264,5116,2017-12-08,0.0,11.2,6.8,2.5,0.0,70.0,Otoño,0
1265,5857,2017-12-09,0.0,13.2,9.0,4.7,0.3,48.0,Otoño,1
1266,4537,2017-12-10,11.9,11.5,10.1,8.7,4.2,18.0,Otoño,1
1267,7576,2017-12-11,0.0,10.2,7.2,4.3,3.1,21.0,Otoño,0
1268,9280,2017-12-12,0.0,8.7,4.6,0.5,0.6,42.0,Otoño,0
1269,9420,2017-12-13,0.0,8.6,4.2,-0.3,0.6,55.0,Otoño,0
1270,9825,2017-12-14,0.0,10.6,7.2,3.8,1.4,28.0,Otoño,0
1271,10289,2017-12-15,0.0,12.5,8.4,4.2,1.9,36.0,Otoño,0
1272,8165,2017-12-16,0.0,9.7,5.8,2.0,2.2,45.0,Otoño,1
1273,6942,2017-12-17,0.0,9.7,5.6,1.5,1.7,32.0,Otoño,1
1274,9140,2017-12-18,0.0,10.4,5.4,0.4,0.0,61.0,Otoño,0
1275,10232,2017-12-19,0.0,11.6,8.0,4.3,0.8,56.0,Otoño,0
1276,10391,2017-12-20,0.0,11.7,6.8,1.8,1.1,87.0,Otoño,0
1277,10372,2017-12-21,0.0,11.5,7.2,3.0,1.1,64.0,Invierno,0
1278,9901,2017-12-22,0.0,12.7,7.5,2.3,1.1,88.0,Invierno,0
1279,6604,2017-12-23,0.0,12.7,7.6,2.5,2.8,48.0,Invierno,1
1280,4198,2017-12-24,0.0,10.5,7.5,4.5,1.7,41.0,Invierno,1
1281,2347,2017-12-25,1.9,5.6,4.0,2.4,1.1,37.0,Invierno,0
1282,5003,2017-12-26,2.8,7.2,5.3,3.4,2.8,32.0,Invierno,0
1283,6049,2017-12-27,0.0,10.6,8.1,5.6,5.0,18.0,Invierno,0
1284,6951,2017-12-28,0.0,14.5,10.2,6.0,2.5,30.0,Invierno,0
1285,7423,2017-12-29,0.0,16.0,11.8,7.5,3.1,32.0,Invierno,0
1286,5891,2017-12-30,0.0,15.5,11.2,6.8,1.9,22.0,Invierno,1
1287,3889,2017-12-31,0.8,11.6,9.2,6.7,2.8,27.0,Invierno,1
1288,3454,2018-01-01,0.0,11.6,7.6,3.6,3.1,21.0,Invierno,0
1289,6414,2018-01-02,0.0,13.4,10.4,7.5,2.5,28.0,Invierno,0
1290,7689,2018-01-03,0.0,13.5,10.6,7.6,1.7,30.0,Invierno,0
1291,8282,2018-01-04,0.0,13.7,10.8,7.8,2.2,25.0,Invierno,0
1292,5872,2018-01-05,14.1,11.5,8.6,5.8,3.1,26.0,Invierno,0
1293,1379,2018-01-06,20.6,6.1,4.0,2.0,2.5,22.0,Invierno,1
1294,2414,2018-01-07,3.1,5.0,3.3,1.6,2.8,25.0,Invierno,1
1295,7802,2018-01-08,0.0,7.0,3.8,0.7,1.4,44.0,Invierno,0
1296,5915,2018-01-09,2.3,4.7,1.6,-1.4,1.4,48.0,Invierno,0
1297,7045,2018-01-10,0.8,7.0,5.1,3.2,2.2,41.0,Invierno,0
1298,8765,2018-01-11,0.0,8.8,5.8,2.9,3.3,27.0,Invierno,0
1299,9262,2018-01-12,0.0,7.9,3.8,-0.3,1.7,55.0,Invierno,0
1300,4311,2018-01-13,6.0,5.6,4.0,2.4,1.1,55.0,Invierno,1
1301,5375,2018-01-14,0.0,6.7,4.6,2.5,1.7,27.0,Invierno,1
1302,8130,2018-01-15,0.0,8.5,4.2,0.0,1.1,49.0,Invierno,0
1303,9315,2018-01-16,0.0,12.5,7.2,2.0,1.1,49.0,Invierno,0
1304,9698,2018-01-17,0.0,13.2,9.0,4.8,2.2,50.0,Invierno,0
1305,10004,2018-01-18,0.0,12.8,7.8,2.7,1.4,59.0,Invierno,0
1306,10226,2018-01-19,0.0,14.8,8.9,3.0,1.4,72.0,Invierno,0
1307,7471,2018-01-20,0.0,12.0,7.9,3.8,1.9,64.0,Invierno,1
1308,7460,2018-01-21,0.0,16.2,11.0,5.8,1.1,36.0,Invierno,1
1309,9511,2018-01-22,0.0,14.1,9.7,5.3,0.6,47.0,Invierno,0
1310,10212,2018-01-23,0.0,15.7,10.0,4.2,0.8,52.0,Invierno,0
1311,10689,2018-01-24,0.0,13.5,9.1,4.7,1.4,53.0,Invierno,0
1312,6790,2018-01-25,3.5,8.9,6.8,4.6,1.9,48.0,Invierno,0
1313,9192,2018-01-26,0.0,9.2,5.9,2.6,3.9,25.0,Invierno,0
1314,6681,2018-01-27,0.0,10.0,6.9,3.8,3.3,19.0,Invierno,1
1315,6069,2018-01-28,0.0,13.4,8.4,3.5,4.7,21.0,Invierno,1
1316,9164,2018-01-29,0.0,13.1,9.2,5.2,1.9,49.0,Invierno,0
1317,9785,2018-01-30,0.0,12.5,8.2,4.0,1.4,54.0,Invierno,0
1318,10190,2018-01-31,0.0,12.6,7.6,2.5,1.1,71.0,Invierno,0
1319,9070,2018-02-01,0.1,10.8,6.6,2.3,2.8,56.0,Invierno,0
1320,8789,2018-02-02,0.0,7.7,4.4,1.2,3.6,29.0,Invierno,0
1321,6586,2018-02-03,2.3,10.3,5.2,0.2,3.1,30.0,Invierno,1
1322,2152,2018-02-04,17.3,5.8,3.6,1.5,3.6,27.0,Invierno,1
1323,2895,2018-02-05,14.1,2.8,1.8,0.8,3.9,41.0,Invierno,0
1324,7745,2018-02-06,0.0,7.0,4.1,1.2,3.1,32.0,Invierno,0
1325,8023,2018-02-07,0.0,7.5,3.0,-1.6,2.8,36.0,Invierno,0
1326,8278,2018-02-08,0.0,7.0,3.0,-1.0,2.8,44.0,Invierno,0
1327,8485,2018-02-09,0.0,8.5,3.3,-1.9,1.1,68.0,Invierno,0
1328,6220,2018-02-10,0.0,9.1,5.7,2.3,2.2,28.0,Invierno,1
1329,6115,2018-02-11,0.1,14.3,7.5,0.7,3.1,39.0,Invierno,1
1330,8168,2018-02-12,0.0,11.1,6.8,2.5,1.7,32.0,Invierno,0
1331,8476,2018-02-13,0.0,10.2,4.7,-0.8,3.6,36.0,Invierno,0
1332,9320,2018-02-14,0.0,10.5,8.2,5.8,3.1,24.0,Invierno,0
1333,9205,2018-02-15,0.0,10.9,8.4,6.0,1.4,46.0,Invierno,0
1334,9515,2018-02-16,0.0,14.6,10.7,6.8,1.7,46.0,Invierno,0
1335,7232,2018-02-17,0.0,14.7,10.7,6.7,1.4,34.0,Invierno,1
1336,6686,2018-02-18,0.0,13.4,8.0,2.6,2.8,20.0,Invierno,1
1337,9048,2018-02-19,0.0,15.0,10.8,6.5,2.2,27.0,Invierno,0
1338,9924,2018-02-20,0.0,14.5,10.9,7.3,3.6,29.0,Invierno,0
1339,9325,2018-02-21,0.0,12.0,7.6,3.2,4.2,24.0,Invierno,0
1340,9370,2018-02-22,0.0,11.3,5.4,-0.5,2.8,39.0,Invierno,0
1341,9452,2018-02-23,0.0,9.9,4.3,-1.3,1.4,40.0,Invierno,0
1342,6940,2018-02-24,0.0,11.0,5.4,-0.3,1.4,53.0,Invierno,1
1343,6608,2018-02-25,0.0,13.5,6.8,0.0,1.4,51.0,Invierno,1
1344,9235,2018-02-26,0.0,16.0,8.8,1.7,1.1,69.0,Invierno,0
1345,4627,2018-02-27,19.9,5.6,3.6,1.5,1.7,60.0,Invierno,0
1346,3615,2018-02-28,19.2,12.0,7.8,3.6,1.9,49.0,Invierno,0
1347,3254,2018-03-01,17.3,11.5,8.4,5.4,4.2,27.0,Invierno,0
1348,3615,2018-03-02,15.3,8.5,6.4,4.2,1.9,45.0,Invierno,0
1349,4580,2018-03-03,13.8,13.4,9.4,5.3,3.6,19.0,Invierno,1
1350,5280,2018-03-04,4.9,13.0,9.2,5.4,2.5,17.0,Invierno,1
1351,6159,2018-03-05,2.1,8.9,7.4,5.8,3.6,22.0,Invierno,0
1352,7641,2018-03-06,1.0,10.7,7.4,4.2,3.1,26.0,Invierno,0
1353,9573,2018-03-07,2.6,11.0,6.8,2.5,2.2,23.0,Invierno,0
1354,9520,2018-03-08,1.0,10.9,7.7,4.5,1.7,44.0,Invierno,0
1355,4818,2018-03-09,11.9,11.6,10.5,9.4,3.1,43.0,Invierno,0
1356,3858,2018-03-10,23.7,11.9,9.7,7.5,2.8,27.0,Invierno,1
1357,4509,2018-03-11,1.1,10.5,8.2,6.0,5.0,11.0,Invierno,1
1358,8478,2018-03-12,1.5,13.2,9.8,6.5,3.9,17.0,Invierno,0
1359,9267,2018-03-13,0.3,14.0,10.3,6.6,2.2,36.0,Invierno,0
1360,3219,2018-03-14,22.9,13.1,9.8,6.6,3.1,33.0,Invierno,0
1361,8998,2018-03-15,0.1,11.6,8.9,6.2,5.0,19.0,Invierno,0
1362,7844,2018-03-16,3.2,11.7,8.2,4.6,3.3,17.0,Invierno,0
1363,5016,2018-03-17,7.3,9.5,6.2,3.0,2.8,16.0,Invierno,1
1364,6187,2018-03-18,0.0,12.8,8.4,4.0,3.3,15.0,Invierno,1
1365,5829,2018-03-19,4.2,9.6,6.7,3.8,3.3,24.0,Invierno,0
1366,8030,2018-03-20,0.0,10.0,6.3,2.6,5.3,19.0,Invierno,0
1367,8762,2018-03-21,0.0,12.2,7.3,2.4,4.2,20.0,Primavera,0
1368,9451,2018-03-22,0.0,13.5,6.6,-0.3,2.2,34.0,Primavera,0
1369,7071,2018-03-23,3.5,14.2,9.4,4.5,3.1,48.0,Primavera,0
1370,4894,2018-03-24,0.0,11.3,7.6,4.0,6.1,10.0,Primavera,1
1371,5075,2018-03-25,0.0,13.9,9.6,5.2,2.5,12.0,Primavera,1
1372,7357,2018-03-26,0.0,15.5,9.6,3.6,1.9,30.0,Primavera,0
1373,7985,2018-03-27,0.0,20.6,14.6,8.5,1.9,26.0,Primavera,0
1374,7263,2018-03-28,0.0,20.8,15.0,9.2,3.3,32.0,Primavera,0
1375,4036,2018-03-29,0.8,15.8,12.2,8.5,4.2,10.0,Primavera,0
1376,2976,2018-03-30,2.2,11.7,7.8,4.0,4.2,7.0,Primavera,0
1377,3664,2018-03-31,0.0,14.5,8.8,3.2,2.8,9.0,Primavera,1
1378,4772,2018-04-01,0.0,17.5,11.4,5.4,1.4,25.0,Primavera,1
1379,8853,2018-04-02,5.3,19.4,14.4,9.4,3.3,27.0,Primavera,0
1380,9293,2018-04-03,0.0,16.2,12.3,8.4,4.4,17.0,Primavera,0
1381,9794,2018-04-04,0.0,16.0,11.7,7.4,4.7,14.0,Primavera,0
1382,10976,2018-04-05,0.0,18.6,12.3,6.0,1.1,32.0,Primavera,0
1383,8253,2018-04-06,7.4,17.5,13.6,9.8,0.8,51.0,Primavera,0
1384,5237,2018-04-07,4.1,11.4,9.4,7.4,0.0,20.0,Primavera,1
1385,7248,2018-04-08,2.5,15.5,10.4,5.2,0.0,12.0,Primavera,1
1386,6908,2018-04-09,2.7,9.0,6.8,4.7,0.0,17.0,Primavera,0
1387,3063,2018-04-10,17.6,7.6,5.4,3.1,0.0,25.0,Primavera,0
1388,8612,2018-04-11,0.0,11.0,7.0,3.1,0.0,20.0,Primavera,0
1389,7075,2018-04-12,7.4,11.4,8.4,5.3,0.0,23.0,Primavera,0
1390,8595,2018-04-13,4.8,14.3,9.8,5.2,0.0,23.0,Primavera,0
1391,7668,2018-04-14,0.2,16.5,10.8,5.2,0.0,29.0,Primavera,1
1392,7296,2018-04-15,14.3,18.0,13.3,8.6,0.0,14.0,Primavera,1
1393,9844,2018-04-16,0.0,17.6,12.3,7.0,0.0,16.0,Primavera,0
1394,11401,2018-04-17,0.0,21.6,14.6,7.6,0.0,41.0,Primavera,0
1395,12503,2018-04-18,0.0,24.7,18.4,12.2,1.9,42.0,Primavera,0
1396,12561,2018-04-19,0.0,24.0,18.1,12.2,2.8,24.0,Primavera,0
1397,12149,2018-04-20,0.0,22.5,17.4,12.3,3.3,18.0,Primavera,0
1398,8705,2018-04-21,0.0,19.8,15.7,11.6,2.5,21.0,Primavera,1
1399,9094,2018-04-22,0.0,22.9,18.0,13.0,1.9,28.0,Primavera,1
1400,11376,2018-04-23,0.0,24.3,19.4,14.4,2.5,37.0,Primavera,0
1401,12845,2018-04-24,0.0,26.4,20.5,14.6,1.4,29.0,Primavera,0
1402,13592,2018-04-25,0.0,28.5,20.8,13.1,2.2,40.0,Primavera,0
1403,13392,2018-04-26,0.0,26.5,20.2,14.0,2.5,33.0,Primavera,0
1404,12329,2018-04-27,0.0,24.4,19.4,14.3,2.5,17.0,Primavera,0
1405,6987,2018-04-28,6.2,18.7,14.4,10.2,3.6,10.0,Primavera,1
1406,3707,2018-04-29,3.8,12.6,8.3,4.0,4.4,8.0,Primavera,1
1407,5555,2018-04-30,2.5,12.5,8.2,4.0,0.8,13.0,Primavera,0
1408,5669,2018-05-01,0.0,15.9,10.7,5.5,0.8,13.0,Primavera,0
1409,6903,2018-05-02,0.0,17.8,12.1,6.4,1.4,15.0,Primavera,0
1410,10814,2018-05-03,0.0,19.4,14.4,9.3,1.9,25.0,Primavera,0
1411,11629,2018-05-04,0.0,20.5,14.0,7.5,2.2,18.0,Primavera,0
1412,9114,2018-05-05,0.0,24.3,17.1,9.9,1.7,17.0,Primavera,1
1413,8495,2018-05-06,1.5,24.0,18.4,12.8,1.7,12.0,Primavera,1
1414,10334,2018-05-07,13.5,22.7,17.6,12.4,1.4,30.0,Primavera,0
1415,11623,2018-05-08,0.2,25.2,18.8,12.5,1.1,36.0,Primavera,0
1416,13000,2018-05-09,0.0,25.0,19.1,13.2,1.9,29.0,Primavera,0
1417,13411,2018-05-10,0.0,23.9,18.7,13.5,2.5,21.0,Primavera,0
1418,12759,2018-05-11,0.0,25.1,19.2,13.3,2.2,26.0,Primavera,0
1419,8385,2018-05-12,0.0,20.2,15.4,10.5,3.1,11.0,Primavera,1
1420,7476,2018-05-13,0.0,17.5,11.8,6.0,2.5,8.0,Primavera,1
1421,10559,2018-05-14,0.0,19.4,14.9,10.4,1.7,13.0,Primavera,0
1422,9242,2018-05-15,0.0,23.5,15.8,8.0,1.9,12.0,Primavera,0
1423,12792,2018-05-16,0.0,25.0,18.4,11.8,2.2,16.0,Primavera,0
1424,13369,2018-05-17,0.0,25.3,20.0,14.8,1.1,22.0,Primavera,0
1425,11814,2018-05-18,0.7,23.2,18.7,14.2,0.8,28.0,Primavera,0
1426,9498,2018-05-19,0.1,25.4,19.5,13.6,0.6,22.0,Primavera,1
1427,8873,2018-05-20,0.0,22.5,17.9,13.3,1.1,12.0,Primavera,1
1428,11605,2018-05-21,5.6,24.3,19.0,13.6,0.8,25.0,Primavera,0
1429,12127,2018-05-22,0.1,24.6,18.6,12.6,0.0,38.0,Primavera,0
1430,12692,2018-05-23,0.3,26.3,20.8,15.3,1.4,38.0,Primavera,0
1431,13149,2018-05-24,28.9,27.7,21.7,15.7,0.0,31.0,Primavera,0
1432,7978,2018-05-25,8.9,19.5,15.8,12.0,0.0,33.0,Primavera,0
1433,9442,2018-05-26,0.0,22.0,16.9,11.8,0.0,19.0,Primavera,1
1434,9893,2018-05-27,3.6,25.5,19.3,13.1,0.0,21.0,Primavera,1
1435,6334,2018-05-28,13.8,17.8,15.5,13.2,0.0,29.0,Primavera,0
1436,9451,2018-05-29,1.0,19.9,16.2,12.6,0.0,34.0,Primavera,0
1437,11388,2018-05-30,0.2,18.6,14.8,11.0,0.0,24.0,Primavera,0
1438,13144,2018-05-31,0.0,23.1,17.8,12.5,0.0,20.0,Primavera,0
1439,13170,2018-06-01,2.3,23.8,18.7,13.6,0.0,32.0,Primavera,0
1440,7232,2018-06-02,3.9,23.5,18.2,12.8,1.9,14.0,Primavera,1
1441,9155,2018-06-03,0.0,23.8,17.8,11.7,2.2,21.0,Primavera,1
1442,12073,2018-06-04,0.0,20.0,16.2,12.4,3.1,13.0,Primavera,0
1443,12522,2018-06-05,2.4,19.8,15.9,12.0,1.7,13.0,Primavera,0
1444,11128,2018-06-06,3.5,19.6,15.0,10.5,1.7,21.0,Primavera,0
1445,13616,2018-06-07,2.8,23.4,17.7,12.0,2.5,31.0,Primavera,0
1446,7925,2018-06-08,2.8,18.6,15.4,12.2,2.2,26.0,Primavera,0
1447,8789,2018-06-09,0.5,20.7,16.2,11.7,1.9,17.0,Primavera,1
1448,7918,2018-06-10,0.0,19.4,15.3,11.2,1.9,18.0,Primavera,1
1449,11569,2018-06-11,0.0,21.0,16.8,12.5,2.5,13.0,Primavera,0
1450,12879,2018-06-12,0.0,24.3,18.6,13.0,1.9,24.0,Primavera,0
1451,13546,2018-06-13,0.0,25.5,19.6,13.7,2.5,17.0,Primavera,0
1452,13361,2018-06-14,0.0,27.0,19.8,12.7,1.7,23.0,Primavera,0
1453,13162,2018-06-15,0.0,30.7,23.0,15.3,1.4,29.0,Primavera,0
1454,9464,2018-06-16,0.0,31.1,24.6,18.0,1.9,14.0,Primavera,1
1455,8600,2018-06-17,0.0,32.3,25.1,17.9,3.1,13.0,Primavera,1
1456,12577,2018-06-18,0.0,32.1,24.8,17.6,2.5,18.0,Primavera,0
1457,13814,2018-06-19,0.0,32.5,24.9,17.3,1.7,18.0,Primavera,0
1458,14345,2018-06-20,0.0,33.0,26.6,20.2,1.7,23.0,Primavera,0
1459,14468,2018-06-21,0.0,33.3,26.9,20.5,1.7,21.0,Verano,0
1460,13590,2018-06-22,0.0,33.8,27.7,21.6,1.7,28.0,Verano,0
1461,9211,2018-06-23,0.0,35.5,28.5,21.5,1.1,16.0,Verano,1
1462,8522,2018-06-24,0.0,36.6,29.3,22.0,1.1,17.0,Verano,1
1463,13282,2018-06-25,0.0,36.2,29.6,22.9,1.7,23.0,Verano,0
1464,13806,2018-06-26,0.0,35.0,29.0,23.0,1.9,24.0,Verano,0
1465,14537,2018-06-27,0.0,31.9,26.9,21.9,2.2,21.0,Verano,0
1466,14560,2018-06-28,0.1,31.0,26.0,20.9,2.2,24.0,Verano,0
1467,13491,2018-06-29,0.0,31.6,26.0,20.5,1.7,18.0,Verano,0
1468,9171,2018-06-30,0.7,28.7,24.4,20.2,2.8,13.0,Verano,1
1469,8537,2018-07-01,0.0,28.0,23.3,18.6,2.8,7.0,Verano,1
1470,12801,2018-07-02,0.0,27.5,22.0,16.5,2.5,13.0,Verano,0
1471,13934,2018-07-03,0.0,30.7,23.4,16.2,1.1,26.0,Verano,0
1472,13864,2018-07-04,0.0,27.5,23.0,18.5,2.5,30.0,Verano,0
1473,13755,2018-07-05,0.0,28.0,22.5,17.0,0.8,18.0,Verano,0
1474,12452,2018-07-06,0.0,31.7,25.1,18.5,1.9,18.0,Verano,0
1475,8316,2018-07-07,0.0,33.6,27.5,21.4,1.9,18.0,Verano,1
1476,7676,2018-07-08,0.0,34.6,28.2,21.7,1.9,15.0,Verano,1
1477,12414,2018-07-09,0.0,34.5,28.2,21.8,1.7,20.0,Verano,0
1478,13472,2018-07-10,0.0,35.2,28.4,21.5,2.2,16.0,Verano,0
1479,13513,2018-07-11,0.0,33.2,27.3,21.4,2.8,20.0,Verano,0
1480,13578,2018-07-12,0.0,32.7,26.8,21.0,1.4,18.0,Verano,0
1481,12270,2018-07-13,0.0,33.5,27.6,21.7,2.5,16.0,Verano,0
1482,8015,2018-07-14,0.0,33.2,26.8,20.3,1.7,15.0,Verano,1
1483,7664,2018-07-15,0.0,29.6,24.3,19.0,2.2,10.0,Verano,1
1484,11787,2018-07-16,0.0,30.2,23.7,17.2,1.4,12.0,Verano,0
1485,12966,2018-07-17,0.0,33.5,26.4,19.2,1.7,22.0,Verano,0
1486,13516,2018-07-18,0.0,32.9,27.1,21.3,1.9,24.0,Verano,0
1487,13442,2018-07-19,0.0,32.9,26.2,19.4,1.9,31.0,Verano,0
1488,12069,2018-07-20,0.0,32.0,25.4,18.7,1.1,25.0,Verano,0
1489,7807,2018-07-21,0.0,30.5,24.0,17.4,2.2,10.0,Verano,1
1490,7009,2018-07-22,0.0,31.7,24.9,18.1,0.8,10.0,Verano,1
1491,11607,2018-07-23,0.0,34.7,27.6,20.5,1.9,21.0,Verano,0
1492,12377,2018-07-24,0.0,33.0,26.4,19.8,1.9,19.0,Verano,0
1493,12501,2018-07-25,0.0,34.6,27.2,19.9,1.1,27.0,Verano,0
1494,12465,2018-07-26,0.0,34.5,27.2,19.8,1.7,34.0,Verano,0
1495,11318,2018-07-27,0.0,34.5,26.8,19.0,2.2,31.0,Verano,0
1496,7855,2018-07-28,0.0,33.2,25.9,18.6,2.2,14.0,Verano,1
1497,7627,2018-07-29,0.0,32.6,26.2,19.8,1.7,11.0,Verano,1
1498,11655,2018-07-30,0.0,34.1,26.8,19.4,1.4,27.0,Verano,0
1499,12410,2018-07-31,0.0,35.3,28.2,21.1,1.1,29.0,Verano,0
1500,12219,2018-08-01,0.0,37.0,30.2,23.3,0.6,31.0,Verano,0
1501,11526,2018-08-02,0.0,38.5,31.6,24.6,1.1,37.0,Verano,0
1502,10073,2018-08-03,0.0,39.9,32.9,25.9,1.7,26.0,Verano,0
1503,6486,2018-08-04,0.0,38.6,31.0,23.4,0.0,14.0,Verano,1
1504,6272,2018-08-05,0.0,37.6,31.0,24.4,0.8,11.0,Verano,1
1505,9057,2018-08-06,0.0,36.9,30.6,24.4,1.7,29.0,Verano,0
1506,10022,2018-08-07,0.0,36.7,30.7,24.7,2.8,23.0,Verano,0
1507,10016,2018-08-08,0.0,34.6,27.9,21.2,2.8,23.0,Verano,0
1508,10077,2018-08-09,0.0,31.3,25.4,19.5,2.2,16.0,Verano,0
1509,8756,2018-08-10,0.0,31.3,24.4,17.5,2.2,11.0,Verano,0
1510,6099,2018-08-11,0.0,33.7,27.9,22.1,1.4,10.0,Verano,1
1511,5868,2018-08-12,0.0,35.0,29.2,23.3,2.2,14.0,Verano,1
1512,8280,2018-08-13,0.0,33.5,27.5,21.5,2.2,20.0,Verano,0
1513,8894,2018-08-14,0.0,33.0,26.3,19.6,1.1,14.0,Verano,0
1514,6763,2018-08-15,0.0,33.8,26.7,19.6,2.2,11.0,Verano,0
1515,8753,2018-08-16,0.0,32.0,27.5,23.0,1.9,19.0,Verano,0
1516,7982,2018-08-17,0.0,32.2,26.1,20.0,1.9,17.0,Verano,0
1517,5854,2018-08-18,0.0,30.4,23.6,16.8,1.7,9.0,Verano,1
1518,5885,2018-08-19,0.0,31.6,25.8,20.0,1.7,13.0,Verano,1
1519,9293,2018-08-20,0.0,32.5,26.6,20.7,1.4,21.0,Verano,0
1520,9915,2018-08-21,0.0,34.4,27.7,21.0,1.1,29.0,Verano,0
1521,10570,2018-08-22,0.0,32.8,27.4,21.9,1.1,27.0,Verano,0
1522,10814,2018-08-23,0.0,33.8,27.0,20.2,1.1,34.0,Verano,0
1523,10008,2018-08-24,0.0,33.0,26.8,20.6,1.4,22.0,Verano,0
1524,7163,2018-08-25,0.0,32.8,25.8,18.8,2.2,14.0,Verano,1
1525,6969,2018-08-26,0.0,31.5,24.4,17.4,1.4,13.0,Verano,1
1526,11098,2018-08-27,0.0,35.0,27.8,20.5,1.4,38.0,Verano,0
1527,12003,2018-08-28,0.0,33.8,28.0,22.3,2.5,32.0,Verano,0
1528,12578,2018-08-29,0.0,31.5,25.8,20.0,0.8,34.0,Verano,0
1529,12835,2018-08-30,0.0,32.2,26.4,20.5,1.4,19.0,Verano,0
1530,12490,2018-08-31,0.0,33.4,27.3,21.2,1.9,22.0,Verano,0
1531,9428,2018-09-01,0.0,33.6,27.3,21.0,1.1,19.0,Verano,1
1532,8969,2018-09-02,1.2,34.8,27.5,20.2,1.7,17.0,Verano,1
1533,13417,2018-09-03,0.0,31.3,26.8,22.3,1.7,25.0,Verano,0
1534,14742,2018-09-04,0.0,29.5,24.4,19.4,1.4,27.0,Verano,0
1535,14994,2018-09-05,0.0,27.8,23.0,18.3,2.8,19.0,Verano,0
1536,15331,2018-09-06,0.0,27.4,22.6,17.8,0.6,25.0,Verano,0
1537,13466,2018-09-07,5.1,28.5,22.2,16.0,2.2,18.0,Verano,0
1538,8424,2018-09-08,1.8,23.6,20.2,16.9,1.7,24.0,Verano,1
1539,9783,2018-09-09,0.0,26.3,21.0,15.8,0.8,29.0,Verano,1
1540,14447,2018-09-10,0.0,28.3,22.8,17.3,1.9,20.0,Verano,0
1541,15521,2018-09-11,0.0,28.5,23.0,17.6,1.9,23.0,Verano,0
1542,16127,2018-09-12,0.0,29.0,23.2,17.3,0.6,38.0,Verano,0
1543,16189,2018-09-13,0.0,32.2,25.4,18.6,0.8,47.0,Verano,0
1544,15738,2018-09-14,0.0,31.6,25.5,19.4,1.4,35.0,Verano,0
1545,11122,2018-09-15,0.0,30.0,25.1,20.2,0.8,20.0,Verano,1
1546,10693,2018-09-16,0.0,30.2,24.1,18.0,0.6,22.0,Verano,1
1547,14316,2018-09-17,1.2,30.8,24.7,18.6,1.9,35.0,Verano,0
1548,15149,2018-09-18,0.0,28.5,23.4,18.2,1.4,35.0,Verano,0
1549,16313,2018-09-19,0.0,30.4,24.2,18.0,0.8,40.0,Verano,0
1550,16529,2018-09-20,0.0,31.5,25.7,19.9,1.1,46.0,Verano,0
1551,15600,2018-09-21,0.0,31.3,25.1,18.9,1.4,36.0,Otoño,0
1552,11423,2018-09-22,0.0,32.5,26.2,20.0,1.7,30.0,Otoño,1
1553,11100,2018-09-23,0.0,33.5,27.2,20.8,1.4,23.0,Otoño,1
1554,14572,2018-09-24,0.0,32.0,26.0,20.0,1.9,21.0,Otoño,0
1555,15671,2018-09-25,0.0,29.3,23.2,17.2,2.2,26.0,Otoño,0
1556,15131,2018-09-26,0.5,26.0,22.5,19.0,2.2,14.0,Otoño,0
1557,16024,2018-09-27,0.0,26.4,21.0,15.7,0.3,30.0,Otoño,0
1558,15531,2018-09-28,0.0,27.8,21.9,16.0,1.4,44.0,Otoño,0
1559,11742,2018-09-29,0.0,27.9,22.4,16.8,0.8,39.0,Otoño,1
1560,10948,2018-09-30,0.0,29.0,23.0,16.9,1.7,31.0,Otoño,1
1561,14116,2018-10-01,0.0,25.0,19.8,14.6,3.1,20.0,Otoño,0
1562,14888,2018-10-02,0.0,24.6,17.3,10.0,1.1,30.0,Otoño,0
1563,15777,2018-10-03,0.0,26.0,20.5,15.0,1.9,36.0,Otoño,0
1564,15600,2018-10-04,0.0,26.3,20.2,14.0,1.1,45.0,Otoño,0
1565,15106,2018-10-05,0.0,25.9,20.4,14.8,1.1,53.0,Otoño,0
1566,11792,2018-10-06,0.0,27.1,20.4,13.6,2.5,54.0,Otoño,1
1567,9864,2018-10-07,0.0,19.5,15.4,11.2,3.9,10.0,Otoño,1
1568,13326,2018-10-08,0.0,18.7,13.8,9.0,1.1,25.0,Otoño,0
1569,11608,2018-10-09,8.9,19.5,15.1,10.7,1.7,24.0,Otoño,0
1570,12457,2018-10-10,2.7,18.1,14.6,11.0,0.8,31.0,Otoño,0
1571,11746,2018-10-11,2.9,20.5,17.2,13.8,2.8,33.0,Otoño,0
1572,7850,2018-10-12,0.3,20.8,18.3,15.8,0.8,17.0,Otoño,0
1573,8993,2018-10-13,2.6,24.2,19.6,15.0,0.6,35.0,Otoño,1
1574,6887,2018-10-14,0.0,18.5,14.8,11.2,3.1,11.0,Otoño,1
1575,10699,2018-10-15,0.1,15.4,12.3,9.2,1.4,24.0,Otoño,0
1576,13630,2018-10-16,0.0,20.1,15.4,10.6,1.1,32.0,Otoño,0
1577,14430,2018-10-17,0.0,21.5,16.5,11.5,1.4,41.0,Otoño,0
1578,12791,2018-10-18,8.8,20.4,17.2,14.0,3.1,37.0,Otoño,0
1579,7216,2018-10-19,5.9,17.0,14.8,12.7,3.6,27.0,Otoño,0
1580,8357,2018-10-20,3.3,21.0,17.2,13.5,2.5,21.0,Otoño,1
1581,8955,2018-10-21,0.2,21.2,17.8,14.4,2.5,23.0,Otoño,1
1582,13226,2018-10-22,0.0,22.3,17.0,11.7,0.8,36.0,Otoño,0
1583,14081,2018-10-23,0.0,20.5,16.8,13.0,1.4,42.0,Otoño,0
1584,14240,2018-10-24,0.0,22.0,16.2,10.5,0.3,61.0,Otoño,0
1585,14618,2018-10-25,0.0,22.6,16.6,10.5,0.8,57.0,Otoño,0
1586,11387,2018-10-26,1.5,16.5,14.2,11.8,0.8,68.0,Otoño,0
1587,6619,2018-10-27,4.2,12.4,8.8,5.1,1.9,26.0,Otoño,1
1588,6796,2018-10-28,0.0,10.0,7.0,4.1,3.1,14.0,Otoño,1
1589,10216,2018-10-29,0.7,10.4,7.0,3.7,3.3,19.0,Otoño,0
1590,5125,2018-10-30,15.1,9.0,7.5,6.0,3.1,29.0,Otoño,0
1591,10451,2018-10-31,0.1,12.0,8.9,5.8,2.5,26.0,Otoño,0
1592,7812,2018-11-01,0.0,13.8,9.2,4.5,0.8,31.0,Otoño,0
1593,9846,2018-11-02,0.0,18.0,13.6,9.3,2.2,30.0,Otoño,0
1594,8019,2018-11-03,0.0,15.0,10.6,6.1,0.6,38.0,Otoño,1
1595,7271,2018-11-04,17.0,15.4,10.0,4.5,0.8,40.0,Otoño,1
1596,6401,2018-11-05,2.7,10.0,8.2,6.3,3.1,23.0,Otoño,0
1597,10699,2018-11-06,0.7,11.8,8.9,6.0,3.1,23.0,Otoño,0
1598,7897,2018-11-07,4.5,13.8,10.6,7.5,1.9,31.0,Otoño,0
1599,8733,2018-11-08,7.6,12.6,9.8,7.0,1.1,39.0,Otoño,0
1600,6992,2018-11-09,0.0,12.6,9.0,5.4,3.6,14.0,Otoño,0
1601,6285,2018-11-10,1.1,13.5,11.6,9.6,3.6,14.0,Otoño,1
1602,6781,2018-11-11,0.0,16.7,14.2,11.6,2.8,16.0,Otoño,1
1603,9717,2018-11-12,1.6,14.0,12.2,10.3,0.8,42.0,Otoño,0
1604,12299,2018-11-13,0.0,16.0,13.0,10.0,1.4,42.0,Otoño,0
1605,12163,2018-11-14,0.0,16.0,13.0,10.0,1.9,42.0,Otoño,0
1606,11935,2018-11-15,0.9,16.5,14.2,11.8,1.1,38.0,Otoño,0
1607,11105,2018-11-16,1.7,15.8,14.0,12.1,1.1,38.0,Otoño,0
1608,9448,2018-11-17,0.0,16.5,13.8,11.0,1.4,28.0,Otoño,1
1609,5322,2018-11-18,11.8,13.7,11.5,9.3,1.9,25.0,Otoño,1
1610,9875,2018-11-19,2.5,13.6,11.2,8.7,2.2,27.0,Otoño,0
1611,9104,2018-11-20,2.9,12.0,10.0,8.0,2.8,22.0,Otoño,0
1612,10042,2018-11-21,1.5,11.8,9.2,6.7,1.7,30.0,Otoño,0
1613,11236,2018-11-22,3.7,12.0,8.9,5.8,1.1,36.0,Otoño,0
1614,10833,2018-11-23,0.0,11.1,8.0,5.0,1.7,27.0,Otoño,0
1615,7634,2018-11-24,2.0,9.2,6.1,3.0,0.0,47.0,Otoño,1
1616,6042,2018-11-25,4.9,14.0,10.3,6.6,3.3,22.0,Otoño,1
1617,9876,2018-11-26,0.0,12.0,9.5,7.0,3.1,20.0,Otoño,0
1618,10954,2018-11-27,0.0,12.0,8.1,4.2,0.8,41.0,Otoño,0
1619,10987,2018-11-28,0.0,11.1,7.2,3.4,0.8,59.0,Otoño,0
1620,10564,2018-11-29,3.3,11.4,7.4,3.4,0.6,55.0,Otoño,0
1621,10879,2018-11-30,0.0,11.0,7.8,4.7,0.6,47.0,Otoño,0
1622,8488,2018-12-01,0.0,11.0,7.0,3.0,0.6,48.0,Otoño,1
1623,6940,2018-12-02,0.0,8.8,6.6,4.5,0.3,40.0,Otoño,1
1624,9440,2018-12-03,0.0,9.0,7.2,5.4,0.8,50.0,Otoño,0
1625,11224,2018-12-04,0.0,15.2,9.7,4.2,0.6,44.0,Otoño,0
1626,11522,2018-12-05,0.0,16.0,11.4,6.9,0.6,54.0,Otoño,0
1627,7409,2018-12-06,0.0,15.5,10.5,5.5,0.6,43.0,Otoño,0
1628,8305,2018-12-07,0.0,10.5,7.4,4.2,1.1,40.0,Otoño,0
1629,6798,2018-12-08,0.0,13.0,9.2,5.4,0.8,40.0,Otoño,1
1630,7009,2018-12-09,0.0,14.6,9.5,4.4,0.3,55.0,Otoño,1
1631,10267,2018-12-10,0.0,14.2,9.0,3.9,0.8,76.0,Otoño,0
1632,11084,2018-12-11,0.0,12.6,8.2,3.8,0.6,59.0,Otoño,0
1633,11089,2018-12-12,3.8,8.6,6.6,4.5,0.8,46.0,Otoño,0
1634,7909,2018-12-13,6.2,8.5,6.2,4.0,2.8,27.0,Otoño,0
1635,10968,2018-12-14,0.0,10.5,6.8,3.0,2.2,30.0,Otoño,0
1636,8427,2018-12-15,0.2,9.0,5.8,2.7,1.4,39.0,Otoño,1
1637,6816,2018-12-16,0.3,12.5,9.0,5.6,3.3,16.0,Otoño,1
1638,10159,2018-12-17,0.0,9.2,6.3,3.4,1.1,50.0,Otoño,0
1639,10126,2018-12-18,0.9,8.0,5.2,2.5,0.6,52.0,Otoño,0
1640,10440,2018-12-19,0.0,9.4,7.2,4.9,1.9,42.0,Otoño,0
1641,11020,2018-12-20,0.0,10.8,8.1,5.4,1.4,39.0,Otoño,0
1642,10063,2018-12-21,0.0,8.7,7.0,5.3,0.3,39.0,Invierno,0
1643,6521,2018-12-22,0.0,9.0,7.6,6.2,0.8,44.0,Invierno,1
1644,5046,2018-12-23,0.0,9.5,7.0,4.6,0.6,34.0,Invierno,1
1645,4364,2018-12-24,0.0,13.2,8.2,3.2,0.3,52.0,Invierno,0
1646,2873,2018-12-25,0.0,13.8,9.3,4.8,1.1,45.0,Invierno,0
1647,6496,2018-12-26,0.0,12.4,8.4,4.3,0.8,54.0,Invierno,0
1648,7282,2018-12-27,0.0,10.5,6.2,2.0,0.6,50.0,Invierno,0
1649,7386,2018-12-28,0.0,12.7,7.1,1.5,1.4,46.0,Invierno,0
1650,5584,2018-12-29,0.0,11.9,8.0,4.0,1.7,31.0,Invierno,1
1651,5114,2018-12-30,0.0,14.2,8.7,3.2,1.1,38.0,Invierno,1
1652,4718,2018-12-31,0.0,13.4,7.0,0.7,0.6,61.0,Invierno,0
